target_id,domain,url,status,final_url,title,canonical,content_type,bytes,binary_sha256,content_fingerprint,elapsed_ms,error
domain:adluxeplaces.com,adluxeplaces.com,https://adluxeplaces.com/,200,https://adluxeplaces.com/,AdLuxe Places | Place-Based Advertising and Screen Monetization,https://adluxeplaces.com/,text/html; charset=utf-8,3925,b9a06d91275a07dbd8177dd75f02eddc5d1953bc9cc5a3e2b430aa7550862426,cea06ff6dbefbd9a950f2b3c0f7c8f3bb33c6ffb587347b51d7eb460ee6e5f0f,254,
domain:api.crownthrive.io,api.crownthrive.io,https://api.crownthrive.io/,200,https://api.crownthrive.io/login,Sign in · CrownThrive API Command Center,,text/html; charset=utf-8,1579,a75b9bfa5d61a1512212aa1eb07b38f63d57e7b1695bc1baaec40fdddb9e1f82,29e3cf5983c0e00f1c5174bd3a51cc27e3ce5d1e4e53420e325a450098ce0db7,492,
domain:apps.crownthrive.io,apps.crownthrive.io,https://apps.crownthrive.io/,404,https://apps.crownthrive.io/,404 Not Found,,text/html,1251,4c13d452dd5d49671bd93ca32f2b4f85c78e39b6ab0ad1f38d98ed267f8fd896,9700dfc002085349fed459bbf40e017f92600723f71b61924e38bf2780df3592,219,HTTPError:404
domain:beacons.crownthrive.io,beacons.crownthrive.io,https://beacons.crownthrive.io/,500,https://beacons.crownthrive.io/,,,text/html; charset=utf-8,1880,04aa488565ab62be7a7509eafec56947b55b5fc05ac84e8e1f0dbe3ee52dacf3,b35b2b6595fbea40c66753f0c576e2ddcca8ac086148d9124d48096dd39651d4,1283,HTTPError:500
beautybrdg.com,beautybrdg.com,https://beautybrdg.com/,200,https://crownthrive.io/,CrownThrive IO: Empower Your Digital Presence | CrownThrive IO | Your Gateway to Streamlined Digital Growth,https://crownthrive.io/,text/html; charset=utf-8,437894,44444f21aa5ca0dacb6e98d2c2757ae12b9d094e61eea6ebaf561490df2d7775,a4cdc35dde908592ac40765a2cb7dad149a7fca9270ed426a5a0300adf76f1a7,1451,
bongedout.com,bongedout.com,https://bongedout.com/,,https://bongedout.com/,,,,0,e3b0c44298fc1c149afbf4c8996fb92427ae41e4649b934ca495991b7852b855,e3b0c44298fc1c149afbf4c8996fb92427ae41e4649b934ca495991b7852b855,10032,URLError:<urlopen error [Errno -3] Temporary failure in name resolution>
brandcards.co,brandcards.co,https://brandcards.co/,200,https://brandcards.co/,"BrandCards | Your Digital Identity Engine | BrandCards – 100% You, Always!",,text/html; charset=utf-8,275640,0fc648f68567d0e1c19340f7455026ca58717e414162f7640ee6e1242703099a,c4393cb5fce813862845649b2af73929167a93a7658779a5bdff4fe8514d52a1,2014,
brandcards.co,brandcards.co,https://brandcards.co,200,https://brandcards.co,"BrandCards | Your Digital Identity Engine | BrandCards – 100% You, Always!",,text/html; charset=utf-8,275640,3fcdfe06dc96cc618010a71710a548c96e0103a815f7aeb1bfe94f8c0405be6f,c4393cb5fce813862845649b2af73929167a93a7658779a5bdff4fe8514d52a1,1859,
brandcards.co,brandcards.co,https://brandcards.co/admin/choose-payment-type/1,200,https://brandcards.co/login,Login | BrandCards,,text/html; charset=utf-8,78900,4c5f861a4bff2bbd7d76cbb6568351d6edc1696570d8bbfefcaf526bcbbeca31,714b650a773f19a2d833cf62c5cdff7d510f329f71e39ae329ba79db8dae55f1,2712,
brandcards.co,brandcards.co,https://brandcards.co/admin/choose-payment-type/3,200,https://brandcards.co/login,Login | BrandCards,,text/html; charset=utf-8,78900,d95a3e204e72fa28e6f64719e9a27899b90c7f95ceb4123073bec2fc4330768f,714b650a773f19a2d833cf62c5cdff7d510f329f71e39ae329ba79db8dae55f1,2439,
brandcards.co,brandcards.co,https://brandcards.co/admin/choose-payment-type/4,200,https://brandcards.co/login,Login | BrandCards,,text/html; charset=utf-8,78900,ab7e12cf9e7179c6cf2d52da1a617d5921b30dcae0e92c2cbfe5db731a634e4b,714b650a773f19a2d833cf62c5cdff7d510f329f71e39ae329ba79db8dae55f1,2924,
brandcards.co,brandcards.co,https://brandcards.co/admin/choose-payment-type/5,200,https://brandcards.co/login,Login | BrandCards,,text/html; charset=utf-8,78900,ba5699052c47738f4945be8ecd1dd19dbfe39526f9fc8e843e0696414f1d299a,714b650a773f19a2d833cf62c5cdff7d510f329f71e39ae329ba79db8dae55f1,2289,
brandcards.co,brandcards.co,https://brandcards.co/admin/choose-payment-type/6,200,https://brandcards.co/login,Login | BrandCards,,text/html; charset=utf-8,78900,b80594e12201fced953e893af1406a2a3418d0533f962c00875db077a6bf1df3,714b650a773f19a2d833cf62c5cdff7d510f329f71e39ae329ba79db8dae55f1,2310,
brandcards.co,brandcards.co,https://brandcards.co/admin/choose-payment-type/7,200,https://brandcards.co/login,Login | BrandCards,,text/html; charset=utf-8,78900,e707105ba17f472ed3a0bc30e273a9e3d7eb5f7d339e9b4d7f24f959ac02d3df,714b650a773f19a2d833cf62c5cdff7d510f329f71e39ae329ba79db8dae55f1,2265,
chaincliques.com,chaincliques.com,https://chaincliques.com/,200,https://chaincliques.com/,ChainCliques | Blockchain Communities - Home,,text/html; charset=utf-8,66619,f7241390439921f5d180b1f8b9607c8cce32336ad4e45dad21e12f1ba9670d86,efa6d8f6ee86486bd9e1135b36d50578a816c2afe9227c3efbefeba161de1119,545,
chaincliques.com,chaincliques.com,https://chaincliques.com,200,https://chaincliques.com,ChainCliques | Blockchain Communities - Home,,text/html; charset=utf-8,66619,cbe2d72c29284f051906393e3a4f64829da0fc1b1e1268f84e58cdc57d64ca6a,efa6d8f6ee86486bd9e1135b36d50578a816c2afe9227c3efbefeba161de1119,584,
chaincliques.com,chaincliques.com,https://chaincliques.com/blog,200,https://chaincliques.com/blog,ChainCliques | Blockchain Communities - Blog,,text/html; charset=utf-8,37479,e4afcc388bfbaea0d59a58ddbf49e1d7d328cf555429670447e257d65d894bb0,ac2bd35ed1e3d589602137fc1f32b56577b772d648635752007b7ac58f99c57f,490,
chaincliques.com,chaincliques.com,https://chaincliques.com/blog/2025-the-year-blockchain-collaboration-transforms-the-world/64,200,https://chaincliques.com/blog/2025-the-year-blockchain-collaboration-transforms-the-world/64,ChainCliques | Blockchain Communities - Blog Details,,text/html; charset=utf-8,43110,8cbc4c78bc26dbf032b34d9dd8cb80044f7a2f39f3d4769157385a973114b626,c8003637716c09807d50b124eb4010307d8c7d04a12728bc9344aaeef7d1dc41,475,
chaincliques.com,chaincliques.com,https://chaincliques.com/blog/discover-the-on-fire-blockchain-projects-with-mintable-on-chaincliques/74,200,https://chaincliques.com/blog/discover-the-on-fire-blockchain-projects-with-mintable-on-chaincliques/74,ChainCliques | Blockchain Communities - Blog Details,,text/html; charset=utf-8,41896,2f7d03f535bd202373a7e7724b2c224296f4d766301101e5f6e98ab718f26e1a,09c625e729fe3d7fe032bc28ef7f0fc89c06ae609ec98d37c77f0ded146b8b28,437,
chaincliques.com,chaincliques.com,https://chaincliques.com/blog/the-future-of-seamless-crypto-transactions/73,200,https://chaincliques.com/blog/the-future-of-seamless-crypto-transactions/73,ChainCliques | Blockchain Communities - Blog Details,,text/html; charset=utf-8,41598,3c86f47683ca153d1273c56ded5f068306b7bc74f6103b94880a0ee43d1787b4,bc0a60e61b6a8962fb66f37fcf0f94c0f092e7278a051d99c2e7834fbfbdbbc0,393,
chaincliques.com,chaincliques.com,https://chaincliques.com/contact,200,https://chaincliques.com/contact,ChainCliques | Blockchain Communities - Contact Us,,text/html; charset=utf-8,34261,4e4fcede9dedf37ee039bba9ab4aabadb16f626ae34b78a78ff7e1c94c463c7f,7f4fc0a931b50fb63e4b0d720eee2a866348f2f69f2b4b70ee6cbc65a5eb735b,374,
chaincliques.com,chaincliques.com,https://chaincliques.com/cookie-policy,200,https://chaincliques.com/cookie-policy,ChainCliques | Blockchain Communities - Cookie Policy,,text/html; charset=utf-8,31447,10ebbe1e734d434a6fdc6b1dd7c5e3b61306b8e0f6ac19363b9089a260a60c3c,c99d5e49e815244963ad845c89a8895558b7f91d687ce3f512458b2515b768dd,393,
ct.vercel.project.chlom-protocol,chlom-protocol.vercel.app,https://chlom-protocol.vercel.app/,200,https://chlom-protocol.vercel.app/,CHLOM Chain Evidence Fabric,,text/html; charset=utf-8,3750,b4e4e4f969681d4a83a21ed72a228bc7c0622e3b945817cde80dc876b192079e,005e10696f2f04aea480e3c48ce71b0bccf7ae4a07f3f5714bb174d85488f545,114,
chlom.io,chlom.io,https://chlom.io/,200,https://chlom.io/cgi-sys/suspendedpage.cgi,Account Suspended,,text/html,7606,b390b23cf000f93c32ca4be6492aafc3ad7e3fab60789e32bc37ef5a5e650c4f,e7a3e2d073e644c5276819f60cd073ada7722ffad67738f4bcf04c88a63826d6,667,
crownfluence.com,crownfluence.com,https://crownfluence.com/,200,https://crownfluence.com/,CrownFluence - Home,,text/html; charset=utf-8,78846,259782e929b033893045fc4a25d50bc7ad305ffbd330ec89cb6e6f947be2fc55,a55183b7be2c0892e7b147809a9a5ee4527a3851781851962babdcd650ac7a35,1067,
crownfluence.com,crownfluence.com,https://www.crownfluence.com/,200,https://www.crownfluence.com/,CrownFluence - Home,,text/html; charset=utf-8,79434,036f3da6a316163dabe71760025dd0be05e1434d6244897a8a363feb10e20228,4a46f934f9d407c7f3dfd011064e0aa42169c6b1afbaf634b60238f32c3b57f1,1314,
crownfluence.com,crownfluence.com,https://www.crownfluence.com/about,200,https://www.crownfluence.com/about,CrownFluence - About Us,,text/html; charset=utf-8,58118,8034e1efccfe0bb3205bca3f3ccc000ef1a5686fd369ddd970a155e4ca5bcfb5,7bcb578d63783aaae028050691f802c8f4c5902cb30293da98ba3e06182a1745,1004,
crownfluence.com,crownfluence.com,https://www.crownfluence.com/contact,200,https://www.crownfluence.com/contact,CrownFluence - Contact Us,,text/html; charset=utf-8,50779,929f81fff11edbf2b35a2ab3bacb18506455a5ca9a0822e979561d418165a568,1f30308d0de7bfddf0113e1e41995d5d7fa578b481faa3c61da5aba0e37fcdea,998,
crownfluence.com,crownfluence.com,https://www.crownfluence.com/faq,200,https://www.crownfluence.com/faq,CrownFluence - FAQs,,text/html; charset=utf-8,52109,05ab41679ebc30caf09c5dbde8c9afb741b79c9b6fd0617a6cb5371352731a4c,d0230b4d2d519ec70d61c801f6ca14ccfe19c9f650e26f4dc7f5b7df0415abcb,1164,
crownfluence.com,crownfluence.com,https://www.crownfluence.com/blog,200,https://www.crownfluence.com/blog,CrownFluence - Blogs,,text/html; charset=utf-8,40406,82a88820d814c996acf4a60989cc6fd647e7f1e94d9b52f72d94ec43a414e852,dac6b5e8e9aee961f137db6e8e38460826bba715d826e13f24fdf89e5eedc4a5,946,
crownfluence.com,crownfluence.com,https://www.crownfluence.com/campaigns,200,https://www.crownfluence.com/campaigns,CrownFluence - All Campaigns,,text/html; charset=utf-8,36640,8a2d3f18a0ae538f5726ab925546a20092727af96da14baa5cd1f3894a7012bc,fc653c9f3fe4975be4fafd67bc7d432a5a0a66d253c1a0ac96450cb0af07f9fb,939,
crownfluence.com,crownfluence.com,https://www.crownfluence.com/influencers,200,https://www.crownfluence.com/influencers,CrownFluence - All Influencers,,text/html; charset=utf-8,44628,057e7cf46e718f717a4ddbfc627fddd2c0b279721a24ec7376a669f7cd9eb697,c84140f994d3c91bd79d9bf99e2a4a2f26bc2612ef580efab00af0d78863ca49,1102,
domain:crownlinks.bio,crownlinks.bio,https://crownlinks.bio/,,https://crownlinks.bio/,,,,0,e3b0c44298fc1c149afbf4c8996fb92427ae41e4649b934ca495991b7852b855,e3b0c44298fc1c149afbf4c8996fb92427ae41e4649b934ca495991b7852b855,54,URLError:<urlopen error [Errno -2] Name or service not known>
crownlinks.io,crownlinks.io,https://crownlinks.io/,200,https://crownthrive.io/,CrownThrive IO: Empower Your Digital Presence | CrownThrive IO | Your Gateway to Streamlined Digital Growth,https://crownthrive.io/,text/html; charset=utf-8,437894,c565f4340391c4b5e3d1358ed29f385bd0ff29a17255c7f0cbf60343571aeb56,b868a66495fb103dc88e1222ecee9b7bbc752ed6170189afefa76587d95f848c,1187,
crownlinks.xyz,crownlinks.xyz,https://crownlinks.xyz/,200,https://crownthrive.io/,CrownThrive IO: Empower Your Digital Presence | CrownThrive IO | Your Gateway to Streamlined Digital Growth,https://crownthrive.io/,text/html; charset=utf-8,437894,df1125b80358cf545fd0e082dc5bfb016c451a3e6cf4a899a5c059ee00a93975,9d9ff76b3d23c2dd268847bccf3deca7a76cd5f4b3be94073e3e74e20af363cc,1180,
crownlytics.com,crownlytics.com,https://crownlytics.com/,200,https://crownlytics.com/,"User session analytics | CrownLytics | Data-Driven Decisions, Privacy Assured",https://crownlytics.com/,text/html; charset=utf-8,198831,5ba3589084221f82093608b986ebeba87e0c111641113f4a32780eeacaf42a4a,656fdcfdf7d7cc565a9503818004ac101213238eef06bd15ca15c9f1f74891cb,605,
crownlytics.com,crownlytics.com,https://crownlytics.com/sitemap/main,200,https://crownlytics.com/sitemap/main,,,text/xml;charset=utf-8,5175,4e09f027f991ba88514e1e30fb2de951a8c273ce641050fa2ee2086bcd329972,a9e2b06505509c5fa603451cb7bc36c9c8a794a2d50bb578701984336283c4ab,254,
crownlytics.com,crownlytics.com,https://crownlytics.com/api-documentation,200,https://crownlytics.com/api-documentation,"API Documentation | CrownLytics | Data-Driven Decisions, Privacy Assured",https://crownlytics.com/api-documentation,text/html; charset=utf-8,55764,eeba2f0f2c4ffe395a335a308f081ff2a6e870ddf74717a66503df07a5153df8,fdbed671810742777b6774d4663288a4a3d08ba8f9c5456d6726f3509dd8cf78,465,
crownlytics.com,crownlytics.com,https://crownlytics.com/blog,200,https://crownlytics.com/blog,"Blog | CrownLytics | Data-Driven Decisions, Privacy Assured",https://crownlytics.com/blog,text/html; charset=utf-8,80232,eb50575ef48a512483651da9962a2281040e003869230d524915ed7435521425,5978acf9012dd98283b0f07b386f1d828b036828fc323308915db2c8735cab71,397,
crownlytics.com,crownlytics.com,https://crownlytics.com/blog/crownlytics-transform-data-into-revenue,200,https://crownlytics.com/blog/crownlytics-transform-data-into-revenue,"CrownLytics: How to Transform Data Into Revenue | Blog | CrownLytics | Data-Driven Decisions, Privacy Assured",https://crownlytics.com/blog/crownlytics-transform-data-into-revenue,text/html; charset=utf-8,73485,876e004321fb83d3b39faf7d5e0c891c65f431720cb410342a90598b72ab4b8f,031df7b63baf8ae0faa7072dbaf241ec9367b70cb83135cc852f7371f639b9b9,398,
crownlytics.com,crownlytics.com,https://crownlytics.com/blog/crownlytics-unlocking-insights-with-seamless-web-analytics,200,https://crownlytics.com/blog/crownlytics-unlocking-insights-with-seamless-web-analytics,"CrownLytics: Unlocking Insights with Seamless Web Analytics | Blog | CrownLytics | Data-Driven Decisions, Privacy Assured",https://crownlytics.com/blog/crownlytics-unlocking-insights-with-seamless-web-analytics,text/html; charset=utf-8,72124,a41721854d4c78fce1672d460bab7a19bcd463491cbb2cbe0f3bfdea94bbf987,2d63550e8971ca218faff3402300e29bcd41c6e09808921f5888033082649199,445,
crownlytics.com,crownlytics.com,https://crownlytics.com/blog/data-driven-culture,200,https://crownlytics.com/blog/data-driven-culture,"Building a Data-Driven Culture with CrownLytics | Blog | CrownLytics | Data-Driven Decisions, Privacy Assured",https://crownlytics.com/blog/data-driven-culture,text/html; charset=utf-8,71856,8142ef6047586d37f198bc24ce26549087c81c6242a429ba6e7e874ef3828696,bb74f978c1030b95bf2cd4a169ee1c9011e48f1eb4feb4499463a21bc44d3418,522,
crownlytics.com,crownlytics.com,https://crownlytics.com/contact,200,https://crownlytics.com/contact,"Contact | CrownLytics | Data-Driven Decisions, Privacy Assured",https://crownlytics.com/contact,text/html; charset=utf-8,49241,d5adbf6ecf8be20c9d08c35cb2b03339290522621ea80b5b8da2609fb361e367,daed23cfbdca238e2ecf297a30af089958f1186b45a5bedbf1347000f3d8b8fa,944,
crownpulse.com,crownpulse.com,https://crownpulse.com/,200,https://crownpulse.com/,CrownPulse | Boost Conversions & Accelerate Growth | CrownPulse | Transform Visitors into Customers with Live Engagement,https://crownpulse.com/,text/html; charset=utf-8,326824,1d53b56651ae1128e7e4916f56ef01abcd86801a7e5a513febc14e5bd86432ba,ae9faa67e3293f499b178fed8751bb8a9ce24a80d5cc0005f6db3cd763688f43,680,
crownpulse.com,crownpulse.com,https://crownpulse.com/sitemap/main,200,https://crownpulse.com/sitemap/main,,,text/xml;charset=utf-8,1984,4efb7b73c2cadf6bf9bbb50b499954ff04a7a571ae355df243356fb9bb466e4e,1d0efcedee702810ff7606efebce7f3a69a57ac432f5f612e10543e198188b7d,339,
crownpulse.com,crownpulse.com,https://crownpulse.com,200,https://crownpulse.com,CrownPulse | Boost Conversions & Accelerate Growth | CrownPulse | Transform Visitors into Customers with Live Engagement,https://crownpulse.com/,text/html; charset=utf-8,326824,2993ba831b2073ea900b7c9ffd1d3087c3095f4a0efc572ccfbbb5a75f17cf22,ae9faa67e3293f499b178fed8751bb8a9ce24a80d5cc0005f6db3cd763688f43,669,
crownpulse.com,crownpulse.com,https://crownpulse.com/api-documentation,200,https://crownpulse.com/api-documentation,API Documentation | CrownPulse | Transform Visitors into Customers with Live Engagement,https://crownpulse.com/api-documentation,text/html; charset=utf-8,57131,74a9a8a70a37238117939f8e993349607f47e267b399eb92d2649203cb9006d3,9eb95e5d34ed7ab51f0888d2ddf3ffc62c29366f9e8cfe430f9f9ca4fe0065e9,558,
crownpulse.com,crownpulse.com,https://crownpulse.com/blog,200,https://crownpulse.com/blog,Blog | CrownPulse | Transform Visitors into Customers with Live Engagement,https://crownpulse.com/blog,text/html; charset=utf-8,55820,8e5544c4a509df927d62ce323e1650d5286c77e6459acb4252c23899df48a8bf,98ec43b06ba0eefddf6f3cc27a53301983f75ec82885773845e9be1bd3a9c690,549,
crownpulse.com,crownpulse.com,https://crownpulse.com/contact,200,https://crownpulse.com/contact,Contact | CrownPulse | Transform Visitors into Customers with Live Engagement,https://crownpulse.com/contact,text/html; charset=utf-8,50485,a3552ff20fc3b9107dd1ab1541b2db1494ee84a7e2ccd7c5ed567fc75668f045,5b3018c3fe1b3b0b18cacea18a00245b3efc91bb6b639646d1cacd0acb2b027a,404,
crownpulse.com,crownpulse.com,https://crownpulse.com/login,200,https://crownpulse.com/login,Sign in | CrownPulse | Transform Visitors into Customers with Live Engagement,https://crownpulse.com/login,text/html; charset=utf-8,37590,fd69622de9336b3f7b5ace5a56f068a0d25ebda80854d2b512d1d6357a2982f3,e692037952b33e7416f35f7c4348e3f297daf2fda6fe66daf2fde2ae2b2d0e9b,374,
crownpulse.com,crownpulse.com,https://crownpulse.com/pages,200,https://crownpulse.com/pages,Pages | CrownPulse | Transform Visitors into Customers with Live Engagement,https://crownpulse.com/pages,text/html; charset=utf-8,56310,74c0a202cfaf6fdd468a13a48348984f1417b5a1cba212fbaa6525ec059e0aeb,1a3692194e56e0daee46b37cdefcdc5d2eb47a6af8e46de421d665aaa15f04d9,400,
ct.vercel.project.crownthrive-os,crownthrive-os.vercel.app,https://crownthrive-os.vercel.app/,404,https://crownthrive-os.vercel.app/,404: NOT_FOUND,,text/html; charset=utf-8,3783,c315e304e0316850b3be26b8b7343f495996aacbe4ddb1c753026b33700a42af,5039aac9ee0f2617ab32c395e8bed416cec4d5f3eac6ebdfe187eae221015691,108,HTTPError:404
crownthrive.cafe,crownthrive.cafe,https://crownthrive.cafe/,200,https://crownthrive.cafe/,ThriveCafé - Home,,text/html; charset=utf-8,56692,155bc518b5cc411b7964a5a83d9a9fa3b488b5349c7559c641a6d5abfbd7e3c4,aa3fd67722af5de47948afd5502a2adb25695a09e7fbc6b8911d14336b86b2da,483,
crownthrive.cafe,crownthrive.cafe,https://crownthrive.cafe,200,https://crownthrive.cafe,ThriveCafé - Home,,text/html; charset=utf-8,56692,234b1fdf68ecd9a6183f5c951ae00282492a344e60af445eae5db27801749c46,aa3fd67722af5de47948afd5502a2adb25695a09e7fbc6b8911d14336b86b2da,528,
crownthrive.cafe,crownthrive.cafe,https://crownthrive.cafe/blog,200,https://crownthrive.cafe/blog,ThriveCafé - Blog,,text/html; charset=utf-8,35038,a40099f706cc81cc318ee7ad3d187064664294b147e5d6af899f37171af03acd,dcba6fe46177527472fd5275bf84e5b63a65a1c04fc97a86f4d738088af31737,410,
crownthrive.cafe,crownthrive.cafe,https://crownthrive.cafe/blog/celebrating-natural-hair-how-the-locticians-community-empowers-and-connects/64,200,https://crownthrive.cafe/blog/celebrating-natural-hair-how-the-locticians-community-empowers-and-connects/64,ThriveCafé - Blog Details,,text/html; charset=utf-8,42470,9628c7d96375bef7ac66b5da3a6c8fe43dee46bce632c6e65c69d6e72d69b866,28fb38387313842dfc9a1b95d931b7e330e4c49b59c404a12e1555a7a51e75a7,463,
crownthrive.cafe,crownthrive.cafe,https://crownthrive.cafe/blog/unlocking-the-power-of-social-media-insights-a-guide-for-marketers/63,200,https://crownthrive.cafe/blog/unlocking-the-power-of-social-media-insights-a-guide-for-marketers/63,ThriveCafé - Blog Details,,text/html; charset=utf-8,42742,2b09d1aba0bc41ec3762baf7a1322fc4ba764085fe97e1c4b2f39f742d134887,6aace1835e44a02cc384e6e0ce2c08ec1735070b09499b0d70f6ec8424508605,485,
crownthrive.cafe,crownthrive.cafe,https://crownthrive.cafe/blog/why-building-connections-is-the-key-to-success-in-2025/58,200,https://crownthrive.cafe/blog/why-building-connections-is-the-key-to-success-in-2025/58,ThriveCafé - Blog Details,,text/html; charset=utf-8,42681,65515eeccfdea9abce3c2bee7f5084f1fe0b37d9a182d619f488e9b462e27536,d31352783f7dd32c43783657c5f94c869dcdfab2299e24ac799c3f803be0d54a,448,
crownthrive.cafe,crownthrive.cafe,https://crownthrive.cafe/contact,200,https://crownthrive.cafe/contact,ThriveCafé - Contact Us,,text/html; charset=utf-8,34156,0bd91766c34700b93549234aa5aeed0a791f34c49c0be7aa30091e766813b7b2,b2c336357416720009bdf38c38ce7aae65f0535f71ddefc38a24416fbf7c7c77,854,
crownthrive.cafe,crownthrive.cafe,https://crownthrive.cafe/cookie-policy,200,https://crownthrive.cafe/cookie-policy,ThriveCafé - Cookie Policy,,text/html; charset=utf-8,30975,a4ed517fd7e7faac364f3b62c3a789bbfc1aa2a59bcdd97dc07aad5ba75efa6f,5448105e3f10e49d6c4cff8719060d84b44717d11ce259f6ee1dbc779d80d1ce,752,
domain:crownthrive.com,crownthrive.com,https://crownthrive.com/,200,https://crownthrive.com/,CrownThrive | One Seat. Multiple Industries. - Welcome Back!,https://crownthrive.com,text/html; charset=utf-8,669700,ff1434c017026f15a5a8c1d730ff56e2a3df30cfa97311bfbae372cee14bd372,cc70a339268527c1761f653294b29f0db63a28585c9bace0966ddd92091efe4f,1820,
domain:crownthrive.com,crownthrive.com,https://crownthrive.com,200,https://crownthrive.com,CrownThrive | One Seat. Multiple Industries. - Welcome Back!,https://crownthrive.com,text/html; charset=utf-8,669700,58c379128ace183aec2ab7630b1710d463d59f3d02af4b5706e5e6106913c5d0,cc70a339268527c1761f653294b29f0db63a28585c9bace0966ddd92091efe4f,1592,
domain:crownthrive.com,crownthrive.com,https://crownthrive.com/about-us,200,https://crownthrive.com/about-us,CrownThrive | One Seat. Multiple Industries. - About Us,https://crownthrive.com/about-us,text/html; charset=utf-8,80122,5c7c4a7d14a7ba9c31c8b83a854f006e889505db8fb6391111384f3161b0335c,e577efb8256699f016e60889f109a2f78f5b37a217c3efca92c84d24d787e047,666,
domain:crownthrive.com,crownthrive.com,https://crownthrive.com/blog-details/CHLOM-Explained-Rights-Licensing-Authority-and-Controlled-Automation,200,https://crownthrive.com/blog-details/CHLOM-Explained-Rights-Licensing-Authority-and-Controlled-Automation,CrownThrive | One Seat. Multiple Industries. - Blog Details,https://crownthrive.com/blog-details/CHLOM-Explained-Rights-Licensing-Authority-and-Controlled-Automation,text/html; charset=utf-8,48061,96dcaef08857277ebc36a6d13073d325c489c27d6503e7be7d866432b633c9b5,373b63f11de0f8606e552c59ce95d4904b46e1e2c0b199eeeebef4732eaa2935,649,
domain:crownthrive.com,crownthrive.com,https://crownthrive.com/blog-details/From-Asset-to-Deal-Ready-Product-How-CrownThrive-Packages-Digital-IP,200,https://crownthrive.com/blog-details/From-Asset-to-Deal-Ready-Product-How-CrownThrive-Packages-Digital-IP,CrownThrive | One Seat. Multiple Industries. - Blog Details,https://crownthrive.com/blog-details/From-Asset-to-Deal-Ready-Product-How-CrownThrive-Packages-Digital-IP,text/html; charset=utf-8,45558,3a81e23b0915b060c39f4b00a05ad2f4d6fe8c07721f75c66b9435e2c8d651de,0de8178e85f15726e62a7281ac5b939bd207e19b3556e0ac5d9420ce7f18b817,706,
domain:crownthrive.com,crownthrive.com,https://crownthrive.com/blog-details/PentaAds-and-AdLuxe-Building-Distribution-Into-the-CrownThrive-Ecosystem,200,https://crownthrive.com/blog-details/PentaAds-and-AdLuxe-Building-Distribution-Into-the-CrownThrive-Ecosystem,CrownThrive | One Seat. Multiple Industries. - Blog Details,https://crownthrive.com/blog-details/PentaAds-and-AdLuxe-Building-Distribution-Into-the-CrownThrive-Ecosystem,text/html; charset=utf-8,48123,2791a87cd4c09ed3bf7f108d37650c00669fbbb10e52e8acfa71b349c5dfa4ea,969f0efdeda7a3cbcc408ae5d48229c552c9c278a922176cbb69242663e11236,742,
domain:crownthrive.com,crownthrive.com,https://crownthrive.com/blog-details/Why-CrownThrive-Builds-Corridors-Not-Standalone-Apps,200,https://crownthrive.com/blog-details/Why-CrownThrive-Builds-Corridors-Not-Standalone-Apps,CrownThrive | One Seat. Multiple Industries. - Blog Details,https://crownthrive.com/blog-details/Why-CrownThrive-Builds-Corridors-Not-Standalone-Apps,text/html; charset=utf-8,46339,96a877ec0b0b25b16b4ce86e1042af59863ffdab61d4b55fcf33c9daf2a1bb22,0a0b85955ad3a5d7818a315bc9b02cc5329effbc8eb4a02f168c1073ff5552a0,638,
domain:crownthrive.com,crownthrive.com,https://crownthrive.com/blog-list,200,https://crownthrive.com/blog-list,CrownThrive | One Seat. Multiple Industries. - Trends & Insights,https://crownthrive.com/blog-list,text/html; charset=utf-8,64894,d55f4dad8a4ade39d414512bf90b814784d1c59b383a308a385179ace35f8e55,e880db1fedece9c80fcb7638fc5583da1ed6ad2d1f5a77ccd094418c1750e340,704,
crownthrive.io,crownthrive.io,https://crownthrive.io/,200,https://crownthrive.io/,CrownThrive IO: Empower Your Digital Presence | CrownThrive IO | Your Gateway to Streamlined Digital Growth,https://crownthrive.io/,text/html; charset=utf-8,437894,6dfcb7e6f43f9c300210f19b5f5f3359cb9056d7aa8e5918dfab58432faaf831,d3c69051cd939cf185356b02696f55409b0ddc44750e0bb2a6fa75dd56d7dbca,880,
crownthrive.io,crownthrive.io,https://crownthrive.io/sitemap/main,200,https://crownthrive.io/sitemap/main,,,text/xml;charset=utf-8,16443,2648d479c1001cb5e1bccdbbbef04dc6eabc988a5289c9354c1839d567b7c4de,3077b03577455afb3091dab79f1190517ea4b0597f84f1e6954cf303f6a67ccf,558,
crownthrive.io,crownthrive.io,https://crownthrive.io/sitemap/links,200,https://crownthrive.io/sitemap/links,,,text/xml;charset=utf-8,208,6a5d6cad4cc19f57148ae2bc93b46db4323acf0953e5148ebc1907980ab80960,e03fd5eb5ab87644181ab736dfdd6f79eeea40b38f79a0f90242898f025ee69c,330,
crownthrive.io,crownthrive.io,https://crownthrive.io/api-documentation,200,https://crownthrive.io/api-documentation,API Documentation | CrownThrive IO | Your Gateway to Streamlined Digital Growth,https://crownthrive.io/api-documentation,text/html; charset=utf-8,57949,b27892c6fe6065555babb61cb99523f9ddee4256baee4a35b86c53a751a4df06,8f2297ecb5d3608a10762b1dd40ba44cb0cb7410800095d5fd4bcde0f44d198b,557,
crownthrive.io,crownthrive.io,https://crownthrive.io/blog,200,https://crownthrive.io/blog,Blog | CrownThrive IO | Your Gateway to Streamlined Digital Growth,https://crownthrive.io/blog,text/html; charset=utf-8,68415,96f243e38b1a7e2ca8c07d6c43b1c8dded0efa40f82bac9f10e1b42b7dd165d8,e93783adf16a7b468b9babe9531891b48e8182a55b57989dbf84ac6213188291,568,
crownthrive.io,crownthrive.io,https://crownthrive.io/blog/future-of-business-connectivity,200,https://crownthrive.io/blog/future-of-business-connectivity,CrownThrive IO: The Future of Business Connectivity and Automation | Blog | CrownThrive IO | Your Gateway to Streamlined Digital Growth,https://crownthrive.io/blog/future-of-business-connectivity,text/html; charset=utf-8,71644,6ea3acb9728c20f3e017e241f58e4f97849c0941ea7fb28b46e6d911068d87b5,2ffe45bcceabfb25222a006cb1714719d23a2034b987e75a66932436b58a8dd5,578,
crownthrive.io,crownthrive.io,https://crownthrive.io/blog/how-to-monetize-your-online-presence-with-crownthrive-io,200,https://crownthrive.io/blog/how-to-monetize-your-online-presence-with-crownthrive-io,How to Monetize Your Online Presence with CrownThrive IO | Blog | CrownThrive IO | Your Gateway to Streamlined Digital Growth,https://crownthrive.io/blog/how-to-monetize-your-online-presence-with-crownthrive-io,text/html; charset=utf-8,75223,2b18b5d937b7e60f5f824624d423f54bb60ba2d1205ca35f950cedb67cc49ecf,2660664a408daa8d7d44551ac56cfe6e2e491d04698c85b066287a7191137f2c,569,
crownthrive.io,crownthrive.io,https://crownthrive.io/blog/revolutionizing-business-efficiency,200,https://crownthrive.io/blog/revolutionizing-business-efficiency,CrownThrive IO: Revolutionizing Business Efficiency and Connectivity | Blog | CrownThrive IO | Your Gateway to Streamlined Digital Growth,https://crownthrive.io/blog/revolutionizing-business-efficiency,text/html; charset=utf-8,71815,fad9ace4a2f5f81efd05f6b29cfe77a3383e1137e4a0937f7b4d53b5adf8e36d,ac8f4df0522ecae1d30e3d3d1e48811845b8e78252228f2cfb4b0cceca16d149,561,
crownthriveu.com,crownthriveu.com,https://crownthriveu.com/,200,https://crownthriveu.com/,Home | CrownThriveU - Empowering Beauty & Wellness Professionals,,text/html; charset=utf-8,119108,2e4a4f29cc5109c16a8a035c79d3877f8185c443ec4372c6a2c96fb9b53fad8f,491a89ad6fcb2643c0006a09f553a8cad5a251373f01aa408233aee32507b0fc,2856,
crownthriveu.com,crownthriveu.com,https://crownthriveu.com,200,https://crownthriveu.com,Home | CrownThriveU - Empowering Beauty & Wellness Professionals,,text/html; charset=utf-8,119108,003c37fe7864b82f974b385272d5685ffde3add8aa6ac38aba08a6a5bfa8bd8b,491a89ad6fcb2643c0006a09f553a8cad5a251373f01aa408233aee32507b0fc,2868,
crownthriveu.com,crownthriveu.com,https://crownthriveu.com/about-us,200,https://crownthriveu.com/about-us,About | CrownThriveU - Elevating Beauty & Wellness Education,,text/html; charset=utf-8,84667,3a6d9b55f0d115021104284b3bb3f39fd02978cd746eec793982b70cd1daa14a,dca7ba8071096537df3038834630dc6bcdcc76a0975bd771f570574d93e4735b,3491,
crownthriveu.com,crownthriveu.com,https://crownthriveu.com/all-instructors,200,https://crownthriveu.com/all-instructors,Instructors || CrownThriveU,,text/html; charset=utf-8,52908,dc69da6c86467164e2df702ab2d6785d3d94bf555b253cb3baeae5cb170527ad,ccd234d99c900569bc1b927ef7f3ee00b18e0ed82cf6ffd37308937489601309,2859,
crownthriveu.com,crownthriveu.com,https://crownthriveu.com/blog,200,https://crownthriveu.com/blog,Blog | CrownThriveU - Insights for Beauty & Wellness Professionals,,text/html; charset=utf-8,77209,f627088d3669c81964cb647afecd1c0b950cdc6470f21ccf362757a5e34f8721,f71a6c6c0123e0cccca33c9660fc9b14fda13adbaebba555ecf08c23778ced34,3208,
crownthriveu.com,crownthriveu.com,https://crownthriveu.com/blog/crownthriveu-unleashing-growth-strategies-with-crownpulse,200,https://crownthriveu.com/blog/crownthriveu-unleashing-growth-strategies-with-crownpulse,CrownThriveU: Unleashing Growth Strategies with CrownPulse || CrownThriveU,,text/html; charset=utf-8,74053,6960d6af87111e9bbf9b14f2a9bf675c8b9ddd839d7110d9f5e3a3f8d97ac01b,6fa96e198adaf3b6fa122658f2be8a442d8a81a062ffbd13b6b4684f98e7bee3,2853,
crownthriveu.com,crownthriveu.com,https://crownthriveu.com/blog/data-centers-economic-and-tech-importance,200,https://crownthriveu.com/blog/data-centers-economic-and-tech-importance,The Essential Role of Data Centers in Technology and Economic Growth || CrownThriveU,,text/html; charset=utf-8,73196,af5319a79bde817414453cd963fb6ae4ec2825ef4930b97efa16493e51ea0b4b,c68412008c27b37be9b4fde8b6d8dd5d926fd80a2bb67f95a78e0ae16df6ddb7,2560,
crownthriveu.com,crownthriveu.com,https://crownthriveu.com/blog/top-classroom-resources-for-teachers,200,https://crownthriveu.com/blog/top-classroom-resources-for-teachers,Top Classroom Resources for Teachers || CrownThriveU,,text/html; charset=utf-8,72702,5180618723470917dc5d10fa2afde69acaddc181326f2d2296d0a3c01aa1421b,3fdae7d1cdce9dac67abfe953db6464128002c951983b64004b536ba9f3e6095,2375,
crypacks.com,crypacks.com,https://crypacks.com/,,https://crypacks.com/,,,,0,e3b0c44298fc1c149afbf4c8996fb92427ae41e4649b934ca495991b7852b855,e3b0c44298fc1c149afbf4c8996fb92427ae41e4649b934ca495991b7852b855,10040,URLError:<urlopen error [Errno -3] Temporary failure in name resolution>
ct.vercel.project.ct-generated-functions-probe-20260904,ct-generated-functions-probe-20260904.vercel.app,https://ct-generated-functions-probe-20260904.vercel.app/,404,https://ct-generated-functions-probe-20260904.vercel.app/,404: NOT_FOUND,,text/html; charset=utf-8,3783,e3c231257a5e6073f38435880f0d17393f3d3c1c501ad085702c3a8644dff6df,59fa26301705dbbe2863492144d4b1f08141aaa9e8547557bd85f680306b23fb,116,HTTPError:404
ct.vercel.project.ct-goflipbooks-immersive-canary-20260904,ct-goflipbooks-immersive-canary-20260904.vercel.app,https://ct-goflipbooks-immersive-canary-20260904.vercel.app/,404,https://ct-goflipbooks-immersive-canary-20260904.vercel.app/,404: NOT_FOUND,,text/html; charset=utf-8,3783,c34363ec2fc4c4455e0e17ac60246aaa0fa84f88adb9fe2562dd569df03cd5d6,3b661696553556accd377570f4e9c1a62955cf5557e1a3af3f57768452456bd9,90,HTTPError:404
ct.vercel.project.ct-goflipbooks-immersive-verifier-20260904,ct-goflipbooks-immersive-verifier-20260904.vercel.app,https://ct-goflipbooks-immersive-verifier-20260904.vercel.app/,404,https://ct-goflipbooks-immersive-verifier-20260904.vercel.app/,404: NOT_FOUND,,text/html; charset=utf-8,3783,5287003192f65c2b7d1613d0f80f6915bde7e3e169eb817f3fa95538c6821938,413c83f627e32661bb52e9278fd3e1a135ca7017d48953802c693beade1cb18d,123,HTTPError:404
ct.vercel.project.ct-goflipbooks-release-bridge-20260904,ct-goflipbooks-release-bridge-20260904.vercel.app,https://ct-goflipbooks-release-bridge-20260904.vercel.app/,404,https://ct-goflipbooks-release-bridge-20260904.vercel.app/,404: NOT_FOUND,,text/html; charset=utf-8,3783,2f438fd2ea4c606ad852e3d33305b85bffe4beb4cdaa18b227999fb73de1fede,72c356f12fcbe631233c0635c40446aee71f7067a10846e157e4ecc0316f7829,115,HTTPError:404
ct.asset.web.domains-musiqhead-subdomain.v1,domains.musiqhead.com,https://domains.musiqhead.com/,,https://domains.musiqhead.com/,,,,0,e3b0c44298fc1c149afbf4c8996fb92427ae41e4649b934ca495991b7852b855,e3b0c44298fc1c149afbf4c8996fb92427ae41e4649b934ca495991b7852b855,74,URLError:<urlopen error [Errno -2] Name or service not known>
findcliques.com,findcliques.com,https://findcliques.com/,200,https://findcliques.com/,FindCliques | Connecting Communities. - Home,,text/html; charset=utf-8,62522,43ec78b1bdca8664ba479f99a0ae66c37833bc51b71e5d974fc7300c75babb75,d7965d9bdefab25a81ea1df8f612372fd0088b18a076af38b194dc6cd1c762be,603,
findcliques.com,findcliques.com,https://findcliques.com,200,https://findcliques.com,FindCliques | Connecting Communities. - Home,,text/html; charset=utf-8,62522,e9d5cfd7bed5e60c46f7b075fe5115830340b790b671e8342e446faefea65a80,d7965d9bdefab25a81ea1df8f612372fd0088b18a076af38b194dc6cd1c762be,662,
findcliques.com,findcliques.com,https://findcliques.com/blog,200,https://findcliques.com/blog,FindCliques | Connecting Communities. - Blog,,text/html; charset=utf-8,36498,f9a7f931bf5349c87becfa0c2d3bdfe307a9622bf730f5c0b18980a08a13835c,a158430aa40e704513385df46d1dd16621c4d9e1f9e72c7b36fd3b839ea692ae,411,
findcliques.com,findcliques.com,https://findcliques.com/blog/discover-crownthrive-io/75,200,https://findcliques.com/blog/discover-crownthrive-io/75,FindCliques | Connecting Communities. - Blog Details,,text/html; charset=utf-8,42094,3b4e11384804a9de317e8827e1dc2d9c344dc8deb5ce095bbce4bec8239c4627,1f826c14ca8b69568c30d3535c851bb92acc3dd4e4e86d514fb518fc465139d4,437,
findcliques.com,findcliques.com,https://findcliques.com/blog/how-to-use-findcliques-to-discover-and-promote-groups-effortlessly/64,200,https://findcliques.com/blog/how-to-use-findcliques-to-discover-and-promote-groups-effortlessly/64,FindCliques | Connecting Communities. - Blog Details,,text/html; charset=utf-8,43024,842c34d008c7d7fb8a0c99b3a11c31c8a53c37e9690e7ac2595facb1516ad35f,093ffd874d4f7d22f6afd880300c8f382de033928ae018fbacd99ac75cc2c694,521,
findcliques.com,findcliques.com,https://findcliques.com/blog/why-join-social-media-groups-the-benefits-you-cant-ignore/63,200,https://findcliques.com/blog/why-join-social-media-groups-the-benefits-you-cant-ignore/63,FindCliques | Connecting Communities. - Blog Details,,text/html; charset=utf-8,38959,d6c5e6aee44a408040e4e86bcb93b1968849aa7613c7999e67d85221d0b80341,080a8202381c8d90cc2f6b3da5df9c230415a5c6c88b60e352613b6bb75dde7c,502,
findcliques.com,findcliques.com,https://findcliques.com/contact,200,https://findcliques.com/contact,FindCliques | Connecting Communities. - Contact Us,,text/html; charset=utf-8,34580,6ce8de8befbd1cf928f516dfa969181bb044ad709e1c4b0a5b8c45389d391e51,a1d079579982da6195b5279e245053496ab25811b37fc18651afaff5ab2b3293,410,
findcliques.com,findcliques.com,https://findcliques.com/cookie-policy,200,https://findcliques.com/cookie-policy,FindCliques | Connecting Communities. - Cookie Policy,,text/html; charset=utf-8,31332,011cc3155eb74aa531366013dcfe25bad45ea3bc96dac1a5398a93c3e7bd08b0,869a396c74e045e7d75b46caf89e028c374bfde0ea7d15a7a131bb947d0214da,546,
gagtissuepaper.com,gagtissuepaper.com,https://gagtissuepaper.com/,,https://gagtissuepaper.com/,,,,0,e3b0c44298fc1c149afbf4c8996fb92427ae41e4649b934ca495991b7852b855,e3b0c44298fc1c149afbf4c8996fb92427ae41e4649b934ca495991b7852b855,10041,URLError:<urlopen error [Errno -3] Temporary failure in name resolution>
gentsgrowth.com,gentsgrowth.com,https://gentsgrowth.com/,200,https://crownthrive.io/,CrownThrive IO: Empower Your Digital Presence | CrownThrive IO | Your Gateway to Streamlined Digital Growth,https://crownthrive.io/,text/html; charset=utf-8,437894,addc8afe2e8c87c5793003389387ee489405af6751bc09bb829fa23069b71d96,e4a4483b2888f2cc4dcef3d1dc0a41906bd9de2463331b834cb01f8799e5ae59,1437,
ct.platform.go-flipbooks.alias,go-flipbooks-crownthrive-os.vercel.app,https://go-flipbooks-crownthrive-os.vercel.app/,200,https://vercel.com/login?next=%2Fsso-api%3Furl%3Dhttps%253A%252F%252Fgo-flipbooks-crownthrive-os.vercel.app%252F%26nonce%3D4d0b4b172c54ca99b1d7b222bdc7bd6e12c62ff51e0205e298d2585422f8510f,Login – Vercel,https://vercel.com/login,text/html; charset=utf-8,338487,28b1f7c3fa89633e252ed9031eb3fc5e24d8c4998f328d8b0195bd58c029f187,ecb3c4cc1a0d88b20edc35a70202c59c8bf34bdb333eda1c0ae9c35092af9d40,534,
ct.vercel.project.go-flipbooks-deploy-probe-20260904,go-flipbooks-deploy-probe-20260904.vercel.app,https://go-flipbooks-deploy-probe-20260904.vercel.app/,404,https://go-flipbooks-deploy-probe-20260904.vercel.app/,404: NOT_FOUND,,text/html; charset=utf-8,3718,9a9141572fcdd5d3f6f70d6073a50d80220e9dcb463a5d7f6605f3fec46dbb5a,4cd1c89639a337b69598f344e2c68baa99048cfc152764c7609b849211292c0f,132,HTTPError:404
ct.vercel.project.go-flipbooks-real3d-runtime-probe-20260904,go-flipbooks-real3d-runtime-probe-20260904.vercel.app,https://go-flipbooks-real3d-runtime-probe-20260904.vercel.app/,404,https://go-flipbooks-real3d-runtime-probe-20260904.vercel.app/,404: NOT_FOUND,,text/html; charset=utf-8,3783,a0fc09c80c6a2fef205ae99029d213fdf7bf5813ec7f47ce27f3a36942120000,c89a50fa0518e77e066962d087440b6b47eb5ffe46ae1b74bba6e3cac8850709,118,HTTPError:404
ct.vercel.project.go-flipbooks-release-probe-20260904,go-flipbooks-release-probe-20260904.vercel.app,https://go-flipbooks-release-probe-20260904.vercel.app/,200,https://go-flipbooks-release-probe-20260904.vercel.app/,Go Flipbooks Release Probe,,text/html; charset=utf-8,206,c3bb022097048254ce8a8dc701f0e1cc883c2e27dd90ed8c561fa8fd658ffd79,881f4b5a3e2bdfab377f4078dfba336e967ae6b6ffb6a71a93ef62bfee3eba4d,103,
ct.vercel.project.go-flipbooks-router-probe-20260904,go-flipbooks-router-probe-20260904.vercel.app,https://go-flipbooks-router-probe-20260904.vercel.app/,200,https://vercel.com/login?next=%2Fsso-api%3Furl%3Dhttps%253A%252F%252Fgo-flipbooks-qcwelk5fv-crownthrive-os.vercel.app%252F%26nonce%3D707dcefb1a8f04e0d73b67af1dbab51ab0717b4db40bcacab2f7c5f69751eceb,Login – Vercel,https://vercel.com/login,text/html; charset=utf-8,338552,c858da07ff03486058772e9f27b5df7487ffe5b8f9afadee25612bddb4feb598,17884c595d45c5be3138d4f4631607a77e945bb4fc77c7ce77c4eadf156a6e15,649,
ct.vercel.project.go-flipbooks-schema-probe,go-flipbooks-schema-probe.vercel.app,https://go-flipbooks-schema-probe.vercel.app/,200,https://go-flipbooks-schema-probe.vercel.app/,Go Flipbooks deploy schema probe,,text/html; charset=utf-8,103,9168c3d6f9c725262a47813015ea4790411964ad82516ac87557558d478faa1a,9e7508148964492633b4b1a79b0dd4c768102c359d8a33056142edd6228d3760,113,
ct.vercel.project.go-flipbooks-tar-build-probe,go-flipbooks-tar-build-probe.vercel.app,https://go-flipbooks-tar-build-probe.vercel.app/,200,https://go-flipbooks-tar-build-probe.vercel.app/,,,text/html; charset=utf-8,40,47ecb3939818110b63ecf26581bd1321052d5a7cc60ed8567911a22588090385,b031a185c1af1bca4aaefccdf411f1bf97930fe18c3ea04262f9a74fd65149ba,113,
ct.vercel.project.go-flipbooks-v7-stage,go-flipbooks-v7-stage.vercel.app,https://go-flipbooks-v7-stage.vercel.app/,200,https://go-flipbooks-v7-stage.vercel.app/,Go Flipbooks V7 staging transport,,text/html; charset=utf-8,72,e69504815819ceb5761d24710ef771fd0c6f11b7162e9a3120d01c34cb0adb3a,51e569d652f9f07ce2d4397dd1b3bf0246338356be331a9095fcfd58e622f101,109,
ct.vercel.project.go-flipbooks,go-flipbooks.vercel.app,https://go-flipbooks.vercel.app/,200,https://go-flipbooks.vercel.app/,Go Flipbooks™ — Pages that move. Rights that stay yours.,https://go-flipbooks.vercel.app/,text/html; charset=utf-8,32996,dc7619f53f7eccc386bb6a792bb9e5d5881098695516c6d3e141a51bf97edc2f,5246934ef2a7ac1e9f93e8ab452024504a533b9f4074034853460b5749c2832d,131,
ct.vercel.project.go-flipbooks,go-flipbooks.vercel.app,https://go-flipbooks.vercel.app/store,200,https://go-flipbooks.vercel.app/store,Go Flipbooks™ — Pages that move. Rights that stay yours.,https://go-flipbooks.vercel.app/,text/html; charset=utf-8,32996,dc7619f53f7eccc386bb6a792bb9e5d5881098695516c6d3e141a51bf97edc2f,5246934ef2a7ac1e9f93e8ab452024504a533b9f4074034853460b5749c2832d,112,
ct.vercel.project.go-flipbooks,go-flipbooks.vercel.app,https://go-flipbooks.vercel.app/discover,200,https://go-flipbooks.vercel.app/discover,Go Flipbooks™ — Pages that move. Rights that stay yours.,https://go-flipbooks.vercel.app/,text/html; charset=utf-8,32996,dc7619f53f7eccc386bb6a792bb9e5d5881098695516c6d3e141a51bf97edc2f,5246934ef2a7ac1e9f93e8ab452024504a533b9f4074034853460b5749c2832d,107,
ct.vercel.project.go-flipbooks,go-flipbooks.vercel.app,https://go-flipbooks.vercel.app/collections,200,https://go-flipbooks.vercel.app/collections,Go Flipbooks™ — Pages that move. Rights that stay yours.,https://go-flipbooks.vercel.app/,text/html; charset=utf-8,32996,dc7619f53f7eccc386bb6a792bb9e5d5881098695516c6d3e141a51bf97edc2f,5246934ef2a7ac1e9f93e8ab452024504a533b9f4074034853460b5749c2832d,109,
ct.vercel.project.go-flipbooks,go-flipbooks.vercel.app,https://go-flipbooks.vercel.app/publish,200,https://go-flipbooks.vercel.app/publish,Go Flipbooks™ — Pages that move. Rights that stay yours.,https://go-flipbooks.vercel.app/,text/html; charset=utf-8,32996,dc7619f53f7eccc386bb6a792bb9e5d5881098695516c6d3e141a51bf97edc2f,5246934ef2a7ac1e9f93e8ab452024504a533b9f4074034853460b5749c2832d,93,
ct.vercel.project.go-flipbooks,go-flipbooks.vercel.app,https://go-flipbooks.vercel.app/developers,200,https://go-flipbooks.vercel.app/developers,Go Flipbooks™ — Pages that move. Rights that stay yours.,https://go-flipbooks.vercel.app/,text/html; charset=utf-8,32996,dc7619f53f7eccc386bb6a792bb9e5d5881098695516c6d3e141a51bf97edc2f,5246934ef2a7ac1e9f93e8ab452024504a533b9f4074034853460b5749c2832d,104,
ct.vercel.project.go-flipbooks,go-flipbooks.vercel.app,https://go-flipbooks.vercel.app/help,200,https://go-flipbooks.vercel.app/help,Go Flipbooks™ — Pages that move. Rights that stay yours.,https://go-flipbooks.vercel.app/,text/html; charset=utf-8,32996,dc7619f53f7eccc386bb6a792bb9e5d5881098695516c6d3e141a51bf97edc2f,5246934ef2a7ac1e9f93e8ab452024504a533b9f4074034853460b5749c2832d,143,
ct.vercel.project.go-flipbooks,go-flipbooks.vercel.app,https://go-flipbooks.vercel.app/rights,200,https://go-flipbooks.vercel.app/rights,Go Flipbooks™ — Pages that move. Rights that stay yours.,https://go-flipbooks.vercel.app/,text/html; charset=utf-8,32996,dc7619f53f7eccc386bb6a792bb9e5d5881098695516c6d3e141a51bf97edc2f,5246934ef2a7ac1e9f93e8ab452024504a533b9f4074034853460b5749c2832d,120,
goflipbooks.com,goflipbooks.com,https://goflipbooks.com/,,https://goflipbooks.com/,,,,0,e3b0c44298fc1c149afbf4c8996fb92427ae41e4649b934ca495991b7852b855,e3b0c44298fc1c149afbf4c8996fb92427ae41e4649b934ca495991b7852b855,10030,URLError:<urlopen error [Errno -3] Temporary failure in name resolution>
goodshitonly.com,goodshitonly.com,https://goodshitonly.com/,200,https://goodshitonly.com/,Good Shit Only™ | Culture Worth Buying. Creators Worth Backing. - GSO Marketplace | Good Shit Only™ by CrownThrive,https://goodshitonly.com/,text/html; charset=utf-8,150603,93805514b2c65953043979ccf5d8b983dd55165cec0a015b536a302b8beea7ae,75eff00beb8d822158504258d086362f4dc93347407f5abc87c0a5199a995d90,608,
goodshitonly.com,goodshitonly.com,https://goodshitonly.com/sitemap_static.xml,200,https://goodshitonly.com/sitemap_static.xml,,,application/xml,479,57f7372c154f20992f532722334060d6bd2979c0cce10011ab89c73082bab937,00b55b2026a5dc5b2277e6293f72bc93f62b47d9d691773e107aa7a220f52da3,283,
goodshitonly.com,goodshitonly.com,https://goodshitonly.com/sitemap_products-1.xml,200,https://goodshitonly.com/sitemap_products-1.xml,,,application/xml,6355,d2dae316b4b14e94ec8619541316f64b2470712d255f6acc176aa29f3fe844ce,a5411af4299796147be7ed848eabea3a246765e59225aa69f228e6b01236feac,231,
goodshitonly.com,goodshitonly.com,https://goodshitonly.com/sitemap_categories-1.xml,200,https://goodshitonly.com/sitemap_categories-1.xml,,,application/xml,36965,bf2e81d6907f432e773434308bfbff6a0b146fb19471c2f6812032440ed9cf0a,10048d124f2abf6885fcb3297000fb8b461a8207967a71c7e7f147e762b9dc95,403,
goodshitonly.com,goodshitonly.com,https://goodshitonly.com/sitemap_blog_categories-1.xml,200,https://goodshitonly.com/sitemap_blog_categories-1.xml,,,application/xml,2000,5c784ea467a48360d58c06d02ee8022f4e5217384693362001cca4c156ea9a04,b4eb13282eace73dfc2929f2df8ae2243a11246cf857113c1bebffb445606f53,233,
goodshitonly.com,goodshitonly.com,https://goodshitonly.com/about-gso,200,https://goodshitonly.com/about-gso,About GSO - GSO Marketplace | Good Shit Only™ by CrownThrive,https://goodshitonly.com/about-gso,text/html; charset=utf-8,89614,9ff51518f4f98e96e7041680dca323fcf8bf7c7d7136958a40567207c0f68a1b,cc7a05327416d8a607e2ac373e46166fea05e2fdfbc19d0a8c1d243c69ff7767,474,
goodshitonly.com,goodshitonly.com,https://goodshitonly.com/accessibility,200,https://goodshitonly.com/accessibility,Accessibility - GSO Marketplace | Good Shit Only™ by CrownThrive,https://goodshitonly.com/accessibility,text/html; charset=utf-8,88796,9ff7189e09d8ca74cb37f0c656bfe7bfe18fde357de3b7c257bd73192cba616d,3729e2dd3f1f16c957676dc68ce0e5e27d39781bff97b462701d6a1bd22201aa,378,
goodshitonly.com,goodshitonly.com,https://goodshitonly.com/affiliate-program,200,https://goodshitonly.com/affiliate-program,Affiliate Program - GSO Marketplace | Good Shit Only™ by CrownThrive,https://goodshitonly.com/affiliate-program,text/html; charset=utf-8,100815,f96a8f8ab2e25851ce35f630d06fa9f2136f00512e9d69bea1521802ec8339f3,c766c41dd3ae666ae4f046c842e1fc8ec70bbcc1661d904cc2b84342de2b1573,430,
ct.asset.domain.imanimaries.com.v1,imanimaries.com,https://imanimaries.com/,,https://imanimaries.com/,,,,0,e3b0c44298fc1c149afbf4c8996fb92427ae41e4649b934ca495991b7852b855,e3b0c44298fc1c149afbf4c8996fb92427ae41e4649b934ca495991b7852b855,78,URLError:<urlopen error [Errno -2] Name or service not known>
kamora360.com,kamora360.com,https://kamora360.com/,,https://kamora360.com/,,,,0,e3b0c44298fc1c149afbf4c8996fb92427ae41e4649b934ca495991b7852b855,e3b0c44298fc1c149afbf4c8996fb92427ae41e4649b934ca495991b7852b855,10031,URLError:<urlopen error [Errno -3] Temporary failure in name resolution>
kamoracrm.com,kamoracrm.com,https://kamoracrm.com/,,https://kamoracrm.com/,,,,0,e3b0c44298fc1c149afbf4c8996fb92427ae41e4649b934ca495991b7852b855,e3b0c44298fc1c149afbf4c8996fb92427ae41e4649b934ca495991b7852b855,12064,URLError:<urlopen error timed out>
keneticreleaf.com,keneticreleaf.com,https://keneticreleaf.com/,,https://keneticreleaf.com/,,,,0,e3b0c44298fc1c149afbf4c8996fb92427ae41e4649b934ca495991b7852b855,e3b0c44298fc1c149afbf4c8996fb92427ae41e4649b934ca495991b7852b855,63,URLError:<urlopen error [Errno -2] Name or service not known>
keneticrelief.com,keneticrelief.com,https://keneticrelief.com/,,https://keneticrelief.com/,,,,0,e3b0c44298fc1c149afbf4c8996fb92427ae41e4649b934ca495991b7852b855,e3b0c44298fc1c149afbf4c8996fb92427ae41e4649b934ca495991b7852b855,47,URLError:<urlopen error [Errno -2] Name or service not known>
domain:kjvsermontoolkit.crownthrive.com,kjvsermontoolkit.crownthrive.com,https://kjvsermontoolkit.crownthrive.com/,200,https://kjvsermontoolkit.crownthrive.com/,KJV Visualized | The Word. Now See It.,https://kjvsermontoolkit.crownthrive.com/,text/html; charset=utf-8,67462,5a6b341757d4ac44d29e431594b9cb54d2d1fa2800cade33596d1ae623b07602,9933d99844368d1ade6776ebd1c2f715cf11bca542822bead0f2cef6371c003e,276,
domain:kjvsermontoolkit.crownthrive.com,kjvsermontoolkit.crownthrive.com,https://kjvsermontoolkit.crownthrive.com/read,200,https://kjvsermontoolkit.crownthrive.com/read,The Complete KJV Digital Bible | KJV Visualized,https://kjvsermontoolkit.crownthrive.com/read,text/html; charset=utf-8,45374,99a225446a65cee1fdc099fa5f0c4f2dd802d9c2c2a4c4218b41edd55359998a,07b1b82745d6a879e140bae7753f72a2655c006687865316348a6ac965d8dd76,222,
domain:kjvsermontoolkit.crownthrive.com,kjvsermontoolkit.crownthrive.com,https://kjvsermontoolkit.crownthrive.com/daily-devotional,200,https://kjvsermontoolkit.crownthrive.com/daily-devotional,Today in the Word | Daily KJV Devotional | KJV Visualized,https://kjvsermontoolkit.crownthrive.com/daily-devotional,text/html; charset=utf-8,37818,d1accfab155d62075233eff6a1c1270c3afc830c8bc21ae6eeda88afb5c20485,ebfbdc3866c1e5219fd6aa6a8e41fec43482eb10684b43f20ca98965e8d70b04,1137,
domain:kjvsermontoolkit.crownthrive.com,kjvsermontoolkit.crownthrive.com,https://kjvsermontoolkit.crownthrive.com/reflection-room,200,https://kjvsermontoolkit.crownthrive.com/reflection-room,The Reflection & Restoration Room | Private KJV Journal | KJV Visualized,https://kjvsermontoolkit.crownthrive.com/reflection-room,text/html; charset=utf-8,38137,f904927837326d28e1e9c2ea413d396cc8dd326b3eacdb72d8ee8a1fa7f96502,ed2d30208fbdbb7cdc9b5ebbfe1f2367e4279c920c0ee81829153badd1c90aa4,1636,
domain:kjvsermontoolkit.crownthrive.com,kjvsermontoolkit.crownthrive.com,https://kjvsermontoolkit.crownthrive.com/watch,200,https://kjvsermontoolkit.crownthrive.com/watch,Melanated TV Faith House | KJV Visualized,https://kjvsermontoolkit.crownthrive.com/watch,text/html; charset=utf-8,33222,5665cd51bcd6789d9a9f106d9a9ee8581c2151a8cd16ca37bf5a99d3e73d6e6e,21fe8a96ce3623d80c8d714816f522c797ddb64c84f79cd6ef3e685f1f2c63b0,230,
domain:kjvsermontoolkit.crownthrive.com,kjvsermontoolkit.crownthrive.com,https://kjvsermontoolkit.crownthrive.com/artifacts,200,https://kjvsermontoolkit.crownthrive.com/artifacts,The Illustrated Material Bible | KJV Visualized,https://kjvsermontoolkit.crownthrive.com/artifacts,text/html; charset=utf-8,28578,5e4243d03f56c69363d314fd7f6b414f26275d2d0d5d13bfe2547bf6310d1c64,bc06890ec1c53c70c708275f0d4746972bee7c12fb436ed3f6ea711ab338f617,117,
domain:kjvsermontoolkit.crownthrive.com,kjvsermontoolkit.crownthrive.com,https://kjvsermontoolkit.crownthrive.com/evidence,200,https://kjvsermontoolkit.crownthrive.com/evidence,Open Evidence Desk | KJV Visualized,https://kjvsermontoolkit.crownthrive.com/evidence,text/html; charset=utf-8,22719,467655fa14ffecb52e9e086ee470b93e800e91e69d52b6b6ab0494de914151a1,e8ca6fd55e3ab94c12c018fbd7cc197c7b82f3b99a9986cdacfde7e9582a2695,171,
domain:kjvsermontoolkit.crownthrive.com,kjvsermontoolkit.crownthrive.com,https://kjvsermontoolkit.crownthrive.com/living-word,200,https://kjvsermontoolkit.crownthrive.com/living-word,Living Word Stories | KJV Visualized,https://kjvsermontoolkit.crownthrive.com/living-word,text/html; charset=utf-8,26499,71ef5c556274007b11fd638df92359431ad7a7b437bbd15082f4023bb43516f4,c313d5f67c7f284bfc9dc66a3cc30c693bb06eb7271cd99d966a443d8ae50772,201,
locticians.club,locticians.club,https://locticians.club/,,https://locticians.club/,,,,0,e3b0c44298fc1c149afbf4c8996fb92427ae41e4649b934ca495991b7852b855,e3b0c44298fc1c149afbf4c8996fb92427ae41e4649b934ca495991b7852b855,10061,URLError:<urlopen error [Errno -3] Temporary failure in name resolution>
site:locticians.com,locticians.com,https://locticians.com/,403,https://locticians.com/,Just a moment...,,text/html; charset=utf-8,5554,c615a94b0ecebd6dad45b8a483f6c4a7a65d1eefd6442f1fdcd02787659fb4e7,77412767d92579f966081b63239d6c7fff81b316645d9c9c8787f0b11177da83,67,HTTPError:403
locticians.org,locticians.org,https://locticians.org/,,https://locticians.org/,,,,0,e3b0c44298fc1c149afbf4c8996fb92427ae41e4649b934ca495991b7852b855,e3b0c44298fc1c149afbf4c8996fb92427ae41e4649b934ca495991b7852b855,10037,URLError:<urlopen error [Errno -3] Temporary failure in name resolution>
luxperiences.com,luxperiences.com,https://luxperiences.com/,200,https://luxperiences.com/,Luxperiences | Vacation Rental Script,,text/html; charset=utf-8,96725,b1fb63f27d8655343a262d0faf88cae8667c6312c2c28bc47571d037be8b4102,5656feb74dab14e84c5a77a861838311d398fde1567644fec7e31e951e38988c,933,
luxperiences.com,luxperiences.com,https://luxperiences.com,200,https://luxperiences.com,Luxperiences | Vacation Rental Script,,text/html; charset=utf-8,96725,6856e7516095691dc9e700506f2bdacc669fd9213329bf0550b1a1bf51048d4b,5656feb74dab14e84c5a77a861838311d398fde1567644fec7e31e951e38988c,1014,
luxperiences.com,luxperiences.com,https://luxperiences.com/about-us,200,https://luxperiences.com/about-us,Luxperiences | About Us,,text/html; charset=utf-8,72092,1d4833fdd6e27fee8908f0e08957aacfd8418062a9c39cd9192db721fac34e02,5499cc719850285b2eeae3aedf7777b5f9da2923438fb638690f8585e2b4582f,803,
luxperiences.com,luxperiences.com,https://luxperiences.com/add-your-home,200,https://luxperiences.com/add-your-home,Luxperiences | Add Your Home,,text/html; charset=utf-8,80866,f6882423485ae6dca0a600ea2aceb36440a97f97befa5737a441bffecaa4072d,72c20d74acd54b95e50fbcd497e8bf415bf6f78493cd378c92ecc8f46205e13f,1040,
luxperiences.com,luxperiences.com,https://luxperiences.com/become-an-affiliate,200,https://luxperiences.com/become-an-affiliate,Luxperiences | Affiliate,,text/html; charset=utf-8,32228,954cdf051eaf02a1a4b47e8bce4a12060c45a0c13428f778c7c604ef16e2c263,ff18f92f9c4cbfff780cc9058d1885b669a856a3849be71cbfb9f4c4b5a50cd2,554,
luxperiences.com,luxperiences.com,https://luxperiences.com/blog,200,https://luxperiences.com/blog,Luxperiences | Blogs,,text/html; charset=utf-8,28346,8c972bbe0223ebcc308c919c1890ea0f289e93e0a699141198c515c6a78c74f4,2841f55fbdacb17a46f65050fc20d05e39a020181810c8007dec486821351326,624,
luxperiences.com,luxperiences.com,https://luxperiences.com/blog-details/12-cool-vacation-rentals-from-coast-to-coast,200,https://luxperiences.com/blog-details/12-cool-vacation-rentals-from-coast-to-coast,Luxperiences | Blog Details,,text/html; charset=utf-8,36674,572b5b665cea57ed1067e146859708dc9360ccf8e53641a1fcce5ad94e1b0ae4,b537154d852f58a6a890d36fa9c1f4258c4413186174ae8e4a17951ca84caff6,752,
luxperiences.com,luxperiences.com,https://luxperiences.com/blog-details/a-holiday-rental-is-a-perfect-option,200,https://luxperiences.com/blog-details/a-holiday-rental-is-a-perfect-option,Luxperiences | Blog Details,,text/html; charset=utf-8,37689,bab87ddfdd93b91083e5a2e1daeb8c8f7c8429299907a5524162d9fe4f3c48b4,c75d69afa9cd266f12ea5727f663002afcec9286da459a7305dfa609d55aca95,1330,
ct.asset.surface.web.lyftedsociety.com.v1,lyftedsociety.com,https://lyftedsociety.com/,200,https://lyftedsociety.com/,"Lyfted Society – Where Creators Earn, Communities Grow, and Culture Thrives world View Count Icon Post",https://lyftedsociety.com,text/html; charset=utf-8,73639,0512c8af55f7d5c1134b63ef61f5b7811951a5c52257ee3c88897ae02a9f19dc,11ccc022279c2b831b12f03e76213719ca9824e207e4a3b0ad9071dde70c03f7,1053,
ct.asset.surface.web.lyftedsociety.com.v1,lyftedsociety.com,https://lyftedsociety.com/contact,200,https://lyftedsociety.com/contact,"Lyfted Society – Where Creators Earn, Communities Grow, and Culture Thrives Close world Close",https://lyftedsociety.com/contact,text/html; charset=utf-8,36214,d4687f4f103cfc5f16552fa6869d2a003b1636f5ac133af20b93663d5672edce,ae616c69979a146a2c7e4bccbfa59da7d9f598837abafdb051038f63a32aca07,554,
ct.asset.surface.web.lyftedsociety.com.v1,lyftedsociety.com,https://lyftedsociety.com/login.php,200,https://lyftedsociety.com/login.php,"Lyfted Society – Where Creators Earn, Communities Grow, and Culture Thrives world",https://lyftedsociety.com/login.php,text/html; charset=utf-8,30389,bdba132a786d0408bde19d830fdef0f5769f416521cef117cdbe9744fc11859f,929b244f611d0f19b1edb877a5f970bf6da7a1a6136d9374fede23ae85aceed1,533,
ct.asset.surface.web.lyftedsociety.com.v1,lyftedsociety.com,https://lyftedsociety.com/privacy-policy,200,https://lyftedsociety.com/privacy-policy,Privacy Policy – Lyfted Society world,https://lyftedsociety.com/privacy-policy,text/html; charset=utf-8,35591,4615b57a80b27972e4d554cc9508dc36e2da8f8b629cfaaf77051dfc69463654,2ef60d898cfd0d76379c3b38e2182de5c1abccb3cabc01f5a878eb5a4a754e89,546,
ct.asset.surface.web.lyftedsociety.com.v1,lyftedsociety.com,https://lyftedsociety.com/register.php,200,https://lyftedsociety.com/register.php,"Lyfted Society – Where Creators Earn, Communities Grow, and Culture Thrives world",https://lyftedsociety.com/register.php,text/html; charset=utf-8,30288,0ef758c4087175607cc5480ad8e529825e2a6daeed2e16b328daa55cf6eab29b,fbea947135d51bef0d9c68efccb85bb89bfe39172ec26a27dd0474ef4bf7d0a7,402,
ct.asset.surface.web.lyftedsociety.com.v1,lyftedsociety.com,https://lyftedsociety.com/terms-of-use,200,https://lyftedsociety.com/terms-of-use,Terms of Service – Lyfted Society world,https://lyftedsociety.com/terms-of-use,text/html; charset=utf-8,51228,95c9115c0e0d9c48c83eb344ad2e448da34340c89cdedc63700adc40b35a922e,01944a844801999530b370041b6eb0310abfde22a696428f7aa6546dd87a142e,482,
ct.asset.surface.web.lyftedsociety.com.v1,lyftedsociety.com,https://lyftedsociety.com/login,200,https://lyftedsociety.com/login,"Lyfted Society – Where Creators Earn, Communities Grow, and Culture Thrives world",https://lyftedsociety.com/login,text/html; charset=utf-8,30385,0b6b7309b038620b2b03d7ab217c13c48fa4cf490ae410d1f90bfbe79c4863b2,929b244f611d0f19b1edb877a5f970bf6da7a1a6136d9374fede23ae85aceed1,362,
ct.asset.surface.web.lyftedsociety.com.v1,lyftedsociety.com,https://lyftedsociety.com/register,200,https://lyftedsociety.com/register,"Lyfted Society – Where Creators Earn, Communities Grow, and Culture Thrives world",https://lyftedsociety.com/register,text/html; charset=utf-8,30284,14746dfbc7132e73e95a5ae9fa37f0fa7dcdcf6046e84151380960525be8edad,fbea947135d51bef0d9c68efccb85bb89bfe39172ec26a27dd0474ef4bf7d0a7,328,
melanatedvoices.com,melanatedvoices.com,https://melanatedvoices.com/,200,https://soundcloud.com/crownthrive?ref=clipboard&p=a&c=1&si=34f717742ee24b77bd69f5ecc3d2f662&utm_source=clipboard&utm_medium=text&utm_campaign=social_sharing,"Stream Virality Music by CrownThrive music | Listen to songs, albums, playlists for free on SoundCloud",https://soundcloud.com/crownthrive,text/html,125412,0ab49dc2297d3f91cb53c8cab50f73bec84c7ac8af1f0c73df869874b940ed7d,bf80da9e53fafb50eb40a8a3714b1a09c1678b1372beca272a0e527e14bf3cb9,1695,
melaninmagicsuites.com,melaninmagicsuites.com,https://melaninmagicsuites.com/,,https://melaninmagicsuites.com/,,,,0,e3b0c44298fc1c149afbf4c8996fb92427ae41e4649b934ca495991b7852b855,e3b0c44298fc1c149afbf4c8996fb92427ae41e4649b934ca495991b7852b855,10033,URLError:<urlopen error [Errno -3] Temporary failure in name resolution>
ct.asset.domain.musiqhead.com.v1,musiqhead.com,https://musiqhead.com/,200,https://musiqhead.com/,musiqhead.com,,text/html;charset=utf-8,80557,550675ecc96812a3e7263883c24cb8275b5197cecd730b2eac23af68a2c24bfd,ad4e7b3d1b10c765c1fd6572a52b1689fb7ae724b31978d6792366e768243641,328,
ct.asset.domain.musiqhead.com.v1,musiqhead.com,http://musiqhead.com/sitemap.website.xml,200,https://musiqhead.com/sitemap.website.xml,,,application/xml; charset=utf-8,232,e72e0b0e6c3fb7023e11f3ce168bc99988d17e7894f9abe6d17b6932a8c0172c,fa0e2b600086b6330730f80ec415b6d93ffc34fc5259b2cec5127febe24ff124,330,
ct.asset.domain.musiqheadmerch.com.v1,musiqheadmerch.com,https://musiqheadmerch.com/,,https://musiqheadmerch.com/,,,,0,e3b0c44298fc1c149afbf4c8996fb92427ae41e4649b934ca495991b7852b855,e3b0c44298fc1c149afbf4c8996fb92427ae41e4649b934ca495991b7852b855,151,URLError:<urlopen error [Errno -2] Name or service not known>
ct.asset.domain.musiqheadradio.com.v1,musiqheadradio.com,https://musiqheadradio.com/,,https://musiqheadradio.com/,,,,0,e3b0c44298fc1c149afbf4c8996fb92427ae41e4649b934ca495991b7852b855,e3b0c44298fc1c149afbf4c8996fb92427ae41e4649b934ca495991b7852b855,29,URLError:<urlopen error [Errno -2] Name or service not known>
musiqheads.com,musiqheads.com,https://musiqheads.com/,,https://musiqheads.com/,,,,0,e3b0c44298fc1c149afbf4c8996fb92427ae41e4649b934ca495991b7852b855,e3b0c44298fc1c149afbf4c8996fb92427ae41e4649b934ca495991b7852b855,39,URLError:<urlopen error [Errno -2] Name or service not known>
ct.asset.web.musiqlinq-musiqhead-subdomain.v1,musiqlinq.musiqhead.com,https://musiqlinq.musiqhead.com/,,https://musiqlinq.musiqhead.com/,,,,0,e3b0c44298fc1c149afbf4c8996fb92427ae41e4649b934ca495991b7852b855,e3b0c44298fc1c149afbf4c8996fb92427ae41e4649b934ca495991b7852b855,97,URLError:<urlopen error [Errno -2] Name or service not known>
musiqnation.com,musiqnation.com,https://musiqnation.com/,,https://musiqnation.com/,,,,0,e3b0c44298fc1c149afbf4c8996fb92427ae41e4649b934ca495991b7852b855,e3b0c44298fc1c149afbf4c8996fb92427ae41e4649b934ca495991b7852b855,48,URLError:<urlopen error [Errno -2] Name or service not known>
ct.asset.web.musiqnation-musiqhead-subdomain.v1,musiqnation.musiqhead.com,https://musiqnation.musiqhead.com/,,https://musiqnation.musiqhead.com/,,,,0,e3b0c44298fc1c149afbf4c8996fb92427ae41e4649b934ca495991b7852b855,e3b0c44298fc1c149afbf4c8996fb92427ae41e4649b934ca495991b7852b855,83,URLError:<urlopen error [Errno -2] Name or service not known>
mycrownoasis.com,mycrownoasis.com,https://mycrownoasis.com/,200,https://mycrownoasis.com/,CrownOasis - Home,https://mycrownoasis.com,text/html; charset=utf-8,150994,ac47c8586ce04ad4df64e10b33e404e47129ebe93aab6f1eb8f4054c57bbaa86,6d9103918a64d6456a03de32eba55dac79397e7790fa16e6e4af5d740b9cacfc,1138,
mycrownoasis.com,mycrownoasis.com,https://mycrownoasis.com,200,https://mycrownoasis.com,CrownOasis - Home,https://mycrownoasis.com,text/html; charset=utf-8,150994,c6989313a961153b8bea8de4c680cec7bc2bc8fa53f9f69484ec8ea8ad3b0ed8,5b81bc99ee4694c39154972b4a3be414fc0f458196848f2c45f1c6f122bdc215,1092,
mycrownoasis.com,mycrownoasis.com,https://mycrownoasis.com/blog,200,https://mycrownoasis.com/blog,CrownOasis - Blogs,https://mycrownoasis.com/blog,text/html; charset=utf-8,43404,af0918b2d4ef3be2aa9ec0333d9874fbb6be8ac39008a15afdbe710d08b6b7b9,42ac4903558b59a9e807238edbb19ae109a6c562543a9be9caed01dc8b460502,882,
mycrownoasis.com,mycrownoasis.com,https://mycrownoasis.com/blog/ai-vs-traditional-web-design-which-is-better-for-your-business,200,https://mycrownoasis.com/blog/ai-vs-traditional-web-design-which-is-better-for-your-business,CrownOasis - AI vs Traditional Web Design: Which Is Better for Your Business?,https://mycrownoasis.com/blog/ai-vs-traditional-web-design-which-is-better-for-your-business,text/html; charset=utf-8,45424,fa99ddab056ee6ce6c922978282a5cf3b8e3e04bb45c6d7d6a4e810963f26047,5ff48ecf40242534e489f40330e4bd3ee0ef9f02a019357b78fb4bb9458117ac,882,
mycrownoasis.com,mycrownoasis.com,https://mycrownoasis.com/blog/essential-features-to-look-for-in-a-modern-website-builder,200,https://mycrownoasis.com/blog/essential-features-to-look-for-in-a-modern-website-builder,CrownOasis - Essential Features to Look for in a Modern Website Builder,https://mycrownoasis.com/blog/essential-features-to-look-for-in-a-modern-website-builder,text/html; charset=utf-8,45355,8a1c1efcce1e7663edc601b2eff509aa111f0e25b595905b23b77a785b76c714,5f58558bfdfed311fb3cd285773aaf3f0b47379183b69d7c075d785f2138e309,957,
mycrownoasis.com,mycrownoasis.com,https://mycrownoasis.com/blog/how-to-launch-a-professional-website-in-minutes-with-webai,200,https://mycrownoasis.com/blog/how-to-launch-a-professional-website-in-minutes-with-webai,CrownOasis - How to Launch a Professional Website in Minutes with WebAI,https://mycrownoasis.com/blog/how-to-launch-a-professional-website-in-minutes-with-webai,text/html; charset=utf-8,45355,6ef365e02a5a9553c286f6676cd849695f12d4735751666ad71708003ba9050c,75b57d3b3701329f7c5c083c8ab3afc3a390b829a639db8968e8ab8a92b779ab,909,
mycrownoasis.com,mycrownoasis.com,https://mycrownoasis.com/change/bn,200,https://mycrownoasis.com/,CrownOasis - Home,https://mycrownoasis.com,text/html; charset=utf-8,150994,fd0fb6a30e78de4d949c5ac5a6e38760bb62a67b0139e5334f2c4fe58d25160c,d3afd29f1cae11a3cf05241b90f947932e5767a7a726743a2df566f0938c4a8f,1606,
mycrownoasis.com,mycrownoasis.com,https://mycrownoasis.com/change/en,200,https://mycrownoasis.com/,CrownOasis - Home,https://mycrownoasis.com,text/html; charset=utf-8,150994,48588d4a222e98f7434e8fa909d11db9c7957080c6543430cca62e009f2e443a,2cfe820556aec76ef5937b580d2a71c561dd36cca2f2d72b82d28c643ad737c0,1674,
mycrownrewards.com,mycrownrewards.com,https://mycrownrewards.com/,200,https://mycrownrewards.com/en-us,My CrownRewards | Built on Culture. Powered by Loyalty.,https://mycrownrewards.com/en-us,text/html; charset=utf-8,127844,2b62d02ce27a56e32578a39949c1bd896bcb45ae1ae227c83ffdd9afd2f508e8,d401571a7f7077210a90474cefab752f834f8ebf4be5873bc27b5ddc0fbf8f15,4663,
mycrownrewards.com,mycrownrewards.com,https://mycrownrewards.com/en-us,200,https://mycrownrewards.com/en-us,My CrownRewards | Built on Culture. Powered by Loyalty.,https://mycrownrewards.com/en-us,text/html; charset=utf-8,127845,78b3ac9cea482dbbd451575d2d4639f8093f6c1076db5b065325d35282a6e6e8,4bb7abc7d416e2267025bda80ff8ce52e286bae3266bd07e4696b7dbffec459b,2390,
mycrownrewards.com,mycrownrewards.com,https://mycrownrewards.com/en-us/about,200,https://mycrownrewards.com/en-us/about,About Us - My CrownRewards | Built on Culture. Powered by Loyalty.,https://mycrownrewards.com/en-us/about,text/html; charset=utf-8,34178,6a112de72b1e3c5bd99032535da2879d8f05a8f3a4070de6a4b9d4d3e8f57d38,5bfba812051755c9fe39351a33fb1457192b29675ffb7b39b6f51372b8d0092f,2231,
mycrownrewards.com,mycrownrewards.com,https://mycrownrewards.com/en-us/card/019ae672-ff4a-71cc-ab2c-7dd361e4b9d6,200,https://mycrownrewards.com/en-us/card/019ae672-ff4a-71cc-ab2c-7dd361e4b9d6,KULTURE HOUSE - My CrownRewards | Built on Culture. Powered by Loyalty.,https://mycrownrewards.com/en-us/card/019ae672-ff4a-71cc-ab2c-7dd361e4b9d6,text/html; charset=utf-8,62983,159f5935a572aae412b740d3ba3e7f45da22ca2b8edeaf19bf084f837bd791e0,be7c360b4be0b5076d136575e8c8b26b8c3e4d4d016e79796503070f3bf5f152,2501,
mycrownrewards.com,mycrownrewards.com,https://mycrownrewards.com/en-us/card/019d3262-b4d6-705a-8f88-e8195f5c9293,200,https://mycrownrewards.com/en-us/card/019d3262-b4d6-705a-8f88-e8195f5c9293,Loyalty Activated! - My CrownRewards | Built on Culture. Powered by Loyalty.,https://mycrownrewards.com/en-us/card/019d3262-b4d6-705a-8f88-e8195f5c9293,text/html; charset=utf-8,72173,facd4c65762b634eda1ee2716a6c0bf3ec67ef0f6ab19efcdeb85c556ad834c6,7c16757656264ced47061e2acb5a3af952626bcf888e9b037466354c1d82c592,2498,
mycrownrewards.com,mycrownrewards.com,https://mycrownrewards.com/en-us/contact,200,https://mycrownrewards.com/en-us/contact,Contact Us - My CrownRewards | Built on Culture. Powered by Loyalty.,https://mycrownrewards.com/en-us/contact,text/html; charset=utf-8,32068,b7ee184caaf9dc9c5fca87d3376b4fd50ffa7ac0a16dfd084a5b6d0491d82a7d,106d999e47324361a8860aee816e366e55c71f285d8aead052e303eca155a91f,2664,
mycrownrewards.com,mycrownrewards.com,https://mycrownrewards.com/en-us/faq,200,https://mycrownrewards.com/en-us/faq,Frequently Asked Questions - My CrownRewards | Built on Culture. Powered by Loyalty.,https://mycrownrewards.com/en-us/faq,text/html; charset=utf-8,60724,027c1b9f97b1fed92008b1dd1803281adb4bd6b0fa8e3606e41180a22496d42e,a6e63b65b6a2ee92dfa1690c5b9f1589e3a40dc4564612a225537accad04c58d,2832,
mycrownrewards.com,mycrownrewards.com,https://mycrownrewards.com/en-us/login,200,https://mycrownrewards.com/en-us/login,Sign in to Access Your Account - My CrownRewards | Built on Culture. Powered by Loyalty.,https://mycrownrewards.com/en-us/login,text/html; charset=utf-8,43821,a73180e0ac3951f1477b0fc23df2f10e66373ad8f5ab0cde83f413cc8c9c2b58,50970ead98fd9e2296826ade3d1d125e1cf40cbebafd4243ff1c0c1baf904ad4,2546,
mywellnesspath.me,mywellnesspath.me,https://mywellnesspath.me/,200,https://crownthrive.io/,CrownThrive IO: Empower Your Digital Presence | CrownThrive IO | Your Gateway to Streamlined Digital Growth,https://crownthrive.io/,text/html; charset=utf-8,437894,5f86d4b52030dcd755c4e899d9ed74b3458c6bee5e90e340d050a4a9e610072d,cb40fb2559110a645a3226d2f3663de0821cf081b8c50500986168f2de9edb19,1020,
domain:naturalhair.me,naturalhair.me,https://naturalhair.me/,200,https://crownthrive.io/,CrownThrive IO: Empower Your Digital Presence | CrownThrive IO | Your Gateway to Streamlined Digital Growth,https://crownthrive.io/,text/html; charset=utf-8,437894,98f7bcfbd247ada4964c01df4e64148b53cc24d480cf6580126ffe4ed438db05,0298fb6735b6b714571554ec8b6dcf15a68a467b769afc1839d0595e871f9a7a,1239,
domain:neuralcraft.crownthrive.com,neuralcraft.crownthrive.com,https://neuralcraft.crownthrive.com/,200,https://neuralcraft.crownthrive.com/guest,NeuralCraft,,text/html; charset=utf-8,71289,e8e29fed9b57f958659e87edbf6318545e5b82d93ad9a8d6f9f61c43021d22dc,774d9a4dc121ff598ea1d52fa169c415e41e8a602e5fc01f542858607e642945,5725,
domain:neuralcraft.crownthrive.com,neuralcraft.crownthrive.com,https://neuralcraft.crownthrive.com/PersonaBuilder_AI_4YXXK,200,https://neuralcraft.crownthrive.com/guest/PersonaBuilder_AI_4YXXK?sessionId=a9249b19-ce0e-4753-8dcd-942d37a76c1b,NeuralCraft,,text/html; charset=utf-8,71366,893c19993b5262338aaed9b32a5ef6220fdea554317f8637cea9ea0f25374e28,774d9a4dc121ff598ea1d52fa169c415e41e8a602e5fc01f542858607e642945,8295,
domain:neuralcraft.crownthrive.com,neuralcraft.crownthrive.com,https://neuralcraft.crownthrive.com/ROW6H2T21I0,200,https://neuralcraft.crownthrive.com/guest/ROW6H2T21I0?sessionId=ec98d384-b52a-48ea-91a4-ecafc05c5365,NeuralCraft,,text/html; charset=utf-8,71354,7c54739771d772c9b9396e10784243c1fbdb168f90fe9d9705b1b7d7c844254b,774d9a4dc121ff598ea1d52fa169c415e41e8a602e5fc01f542858607e642945,8168,
domain:neuralcraft.crownthrive.com,neuralcraft.crownthrive.com,https://neuralcraft.crownthrive.com/HealthTrack_AI_D2KYI,200,https://neuralcraft.crownthrive.com/guest/HealthTrack_AI_D2KYI?sessionId=9e144c0a-2bee-4349-9e15-a857005842d6,NeuralCraft,,text/html; charset=utf-8,71363,cb6c81c4a37c8549b9ec52d1afa91b23471ffe383daf81214c34a11ba016d834,774d9a4dc121ff598ea1d52fa169c415e41e8a602e5fc01f542858607e642945,8118,
domain:neuralcraft.crownthrive.com,neuralcraft.crownthrive.com,https://neuralcraft.crownthrive.com/SkillMentor_AI_PFA0L,200,https://neuralcraft.crownthrive.com/guest/SkillMentor_AI_PFA0L?sessionId=8ef4582a-7752-4aea-ae7d-87d056bf9cd5,NeuralCraft,,text/html; charset=utf-8,71363,acf5cfefb839e33ca7b9a918b67bf9ba76fa624354dae3e5d9578bb78d94ca0f,774d9a4dc121ff598ea1d52fa169c415e41e8a602e5fc01f542858607e642945,8134,
domain:neuralcraft.crownthrive.com,neuralcraft.crownthrive.com,https://neuralcraft.crownthrive.com/JobCoach_AI_HWUOI,200,https://neuralcraft.crownthrive.com/guest/JobCoach_AI_HWUOI?sessionId=20d71fb7-b6c6-4096-8c43-52f8a60e60c9,NeuralCraft,,text/html; charset=utf-8,71360,8cd071a12e3445c3dd8fac110af5d3984e87f5fd646657304cfef098c680f6c0,774d9a4dc121ff598ea1d52fa169c415e41e8a602e5fc01f542858607e642945,8305,
domain:neuralcraft.crownthrive.com,neuralcraft.crownthrive.com,https://neuralcraft.crownthrive.com/FinanceBot_AI_3B50F,200,https://neuralcraft.crownthrive.com/guest/FinanceBot_AI_3B50F?sessionId=9f1948f3-8559-4715-94c5-ae92096dc479,NeuralCraft,,text/html; charset=utf-8,71362,f8f2bc79a6d3b682b42e2346972488be4bbc59cfa81b3386b35a8968ebd4a130,774d9a4dc121ff598ea1d52fa169c415e41e8a602e5fc01f542858607e642945,7982,
domain:neuralcraft.crownthrive.com,neuralcraft.crownthrive.com,https://neuralcraft.crownthrive.com/StudyBuddy_AI_I224N,200,https://neuralcraft.crownthrive.com/guest/StudyBuddy_AI_I224N?sessionId=5b189729-a934-4708-aef8-754860ab143f,NeuralCraft,,text/html; charset=utf-8,71362,1cf714dda68800c472195e7f078bfaf48cfc2a94b218cb2b8e325a37c0d036a8,774d9a4dc121ff598ea1d52fa169c415e41e8a602e5fc01f542858607e642945,8300,
nftcliques.com,nftcliques.com,https://nftcliques.com/,200,https://nftcliques.com/,NFTCliques | Exclusive NFT Communities - Home,,text/html; charset=utf-8,76524,c8380e04717c05ec9b7c0fb06816c5b946e1fd2ec7e53ba6435d91d93b920b45,43c09838cb6e137b3a95d8d52542590052f6d4dc0921469e9bf5577f32fd93d3,506,
nftcliques.com,nftcliques.com,https://nftcliques.com,200,https://nftcliques.com,NFTCliques | Exclusive NFT Communities - Home,,text/html; charset=utf-8,76524,b9d4caa5e5eeb8393411380f376936ad38966f1af067296aa00324c21321fa3d,43c09838cb6e137b3a95d8d52542590052f6d4dc0921469e9bf5577f32fd93d3,494,
nftcliques.com,nftcliques.com,https://nftcliques.com/blog,200,https://nftcliques.com/blog,NFTCliques | Exclusive NFT Communities - Blog,,text/html; charset=utf-8,36994,02730a60c932867e46961b2c1de05491b73491945db778e0692cad5f557e4bf2,9f757b6d1b9e5f4fe9ccbb1d6b8766f41d2673b145be0072c3bd1ce0181017c0,443,
nftcliques.com,nftcliques.com,https://nftcliques.com/blog/explore-nfts-like-never-before-with-mintable/75,200,https://nftcliques.com/blog/explore-nfts-like-never-before-with-mintable/75,NFTCliques | Exclusive NFT Communities - Blog Details,,text/html; charset=utf-8,41684,931096c0d1ca9088a9a478a1425efa1a6f75656328c599a862d3709c79da9e35,4764f64db1d5ecacc94d6684fe0bb1736b84f1befa0984eefdc2811c594a93bc,407,
nftcliques.com,nftcliques.com,https://nftcliques.com/blog/limited-time-promotion-save-big-amp-support-sustainability/73,200,https://nftcliques.com/blog/limited-time-promotion-save-big-amp-support-sustainability/73,NFTCliques | Exclusive NFT Communities - Blog Details,,text/html; charset=utf-8,39994,b393c8fe2a9115608207e5a886e444355ec0ad89c7805b3565e380047824a9d9,42faf74fc4f462fb1acfe2a83d2b80186c500138df7eb0464aa2a90664271679,906,
nftcliques.com,nftcliques.com,https://nftcliques.com/blog/maximizing-your-tax-efficiency-with-coinledger/74,200,https://nftcliques.com/blog/maximizing-your-tax-efficiency-with-coinledger/74,NFTCliques | Exclusive NFT Communities - Blog Details,,text/html; charset=utf-8,41415,cd0f2a4c7224bcb62d4e86b623cbc67e835d3376f76552a8b020f3f025d6b05c,99d6483418e8f307428e0baef4942a9d4b8e14fe3467cb205e9965a985ada01e,432,
nftcliques.com,nftcliques.com,https://nftcliques.com/contact,200,https://nftcliques.com/contact,NFTCliques | Exclusive NFT Communities - Contact Us,,text/html; charset=utf-8,33849,4caa9a6f18798f5d66d8b4b7b0ed441f4b044be0c62ba0fb60ddbf36e9f10ba3,fd4c68a419652f8fe9a5211234a4a336935095b129b6d5b301b6ec78feba306e,531,
nftcliques.com,nftcliques.com,https://nftcliques.com/cookie-policy,200,https://nftcliques.com/cookie-policy,NFTCliques | Exclusive NFT Communities - Cookie Policy,,text/html; charset=utf-8,30801,f8c146328631afbf2c9008c560dfda4af91b999da50aa89579cf7a78ccfe8ff5,9b7835d41f55bd11f144af3f1c5d955d70242bc6206c65a0ada8cc1657b278d0,445,
ct.asset.domain.orgoteas.com.v1,orgoteas.com,https://orgoteas.com/,,https://orgoteas.com/,,,,0,e3b0c44298fc1c149afbf4c8996fb92427ae41e4649b934ca495991b7852b855,e3b0c44298fc1c149afbf4c8996fb92427ae41e4649b934ca495991b7852b855,41,URLError:<urlopen error [Errno -2] Name or service not known>
ct.vercel.project.pentaads-domain-schema-probe,pentaads-domain-schema-probe.vercel.app,https://pentaads-domain-schema-probe.vercel.app/,200,https://pentaads-domain-schema-probe.vercel.app/,,,text/html; charset=utf-8,5,ba9c736f19e7f60b7f6764adb0b7908c0a2b394e09b6c09863528c7f2bc86095,ba9c736f19e7f60b7f6764adb0b7908c0a2b394e09b6c09863528c7f2bc86095,111,
ct.vercel.project.pentaads-path-probe,pentaads-path-probe.vercel.app,https://pentaads-path-probe.vercel.app/,200,https://pentaads-path-probe.vercel.app/,,,text/html; charset=utf-8,37,b8c59020d463ccaa9bac12089642e8c1f0fe04c0742d5460c024dd7705101f3d,b8c59020d463ccaa9bac12089642e8c1f0fe04c0742d5460c024dd7705101f3d,92,
ct.vercel.project.pentaads-sandbox,pentaads-sandbox.vercel.app,https://pentaads-sandbox.vercel.app/,404,https://pentaads-sandbox.vercel.app/,404: NOT_FOUND,,text/html; charset=utf-8,3718,56e82133a82b1f108bcb0f9721f8aae06e6d4d5b481ad0be78fbd72ab552773d,683c416b5fd9e8f4b3bd194b0fff67108e5086de6194ca0531448623f2a67bc3,117,HTTPError:404
ct.vercel.project.pentaads-schema-probe,pentaads-schema-probe.vercel.app,https://pentaads-schema-probe.vercel.app/,200,https://pentaads-schema-probe.vercel.app/,PentaAds schema probe,,text/html; charset=utf-8,95,b6e8cb62c583a588874f118813f8b46ca7510e5be13005c9e064935da3b453ef,5edbd64a829c26e8b11a4383a822258fe34752d04134fa90078557cc8c4cbc46,124,
ct.vercel.project.pentaads,pentaads.vercel.app,https://pentaads.vercel.app/,200,https://pentaads.vercel.app/,PentaAds — Publisher & Advertiser Self-Serve,,text/html; charset=utf-8,22010,de5009fdd1dd523a13e2cb4bc8b7984069f76ce9b95d23294fa28fa6116c653b,15f6941f18991147f85c54efe4305745d807b5ea9cb91c97ec9ca8dc0fb5022a,111,
ct.vercel.project.private-penta-execution,private-penta-execution.vercel.app,https://private-penta-execution.vercel.app/,200,https://private-penta-execution.vercel.app/,,,application/json; charset=utf-8,1059,82260e7acf7503d3eab65b9cc1f98c04d648240dfc82a54f568a007353617e51,aa94afb77894881fc192968d0f6ba5eae6d9d03b25ef490057e3aed18a113871,192,
ct.vercel.project.private-penta-os,private-penta-os.vercel.app,https://private-penta-os.vercel.app/,200,https://private-penta-os.vercel.app/,PentaBrain Native Operations | CrownThrive,,text/html; charset=utf-8,52361,4d6473158235db96a0ef3f2b712d36029df85e210643922c93013401263e8e1e,3b72b27280d5f6646f1076084ada6797b44eb97db34fbe7e27f3c30ea29971ba,205,
ct.asset.domain.raynesbeautysupply.com.v1,raynesbeautysupply.com,https://raynesbeautysupply.com/,,https://raynesbeautysupply.com/,,,,0,e3b0c44298fc1c149afbf4c8996fb92427ae41e4649b934ca495991b7852b855,e3b0c44298fc1c149afbf4c8996fb92427ae41e4649b934ca495991b7852b855,87,URLError:<urlopen error [Errno -2] Name or service not known>
ct.asset.domain.raynesskincare.com.v1,raynesskincare.com,https://raynesskincare.com/,,https://raynesskincare.com/,,,,0,e3b0c44298fc1c149afbf4c8996fb92427ae41e4649b934ca495991b7852b855,e3b0c44298fc1c149afbf4c8996fb92427ae41e4649b934ca495991b7852b855,71,URLError:<urlopen error [Errno -2] Name or service not known>
ct.asset.surface.web.shopmelaninmagic.com.v1,shopmelaninmagic.com,https://shopmelaninmagic.com/,200,https://shopmelaninmagic.com/,Melanin Magic | A Curated Lifestyle,https://shopmelaninmagic.com,text/html;charset=utf-8,755622,3e05c3a4a08d00e0f3f94cb724454e4e1f7a2b2dd81657c3dee121a7a638414c,df6a032351fcfc2883fdeb05c16ca79d0ca2487a0486e21032492f4d971529a7,439,
ct.asset.surface.web.shopmelaninmagic.com.v1,shopmelaninmagic.com,https://shopmelaninmagic.com/blog,200,https://shopmelaninmagic.com/blog,Our Blog | Curating Excellence,https://shopmelaninmagic.com/blog,text/html;charset=utf-8,240309,9475f5cb5f29c737a95b09c40f61623daa28753b2bd8f60f5f510ca480db7697,8ad9d37c017354fdbd146475ea797b203732410ed30aeaea657bfc9f22a9253c,293,
ct.asset.surface.web.shopmelaninmagic.com.v1,shopmelaninmagic.com,https://shopmelaninmagic.com/blog/empowering-natural-beauty-melanin-magic-at-the-community-health-and-legal-fair,200,https://shopmelaninmagic.com/blog/empowering-natural-beauty-melanin-magic-at-the-community-health-and-legal-fair,Empowering Natural Beauty: Melanin Magic at the Community Health and Legal Fair | Melanated Solutions,https://shopmelaninmagic.com/blog/empowering-natural-beauty-melanin-magic-at-the-community-health-and-legal-fair,text/html;charset=utf-8,212556,9d59e9168e5ce272edbcc3e64076dfec5f37bfac183cb26094c0a5dc63a9f212,fdcf9183925e9689e5a4270e2a6eed8ab4110d48aa2c3b15f4050721c875e8a9,280,
ct.asset.surface.web.shopmelaninmagic.com.v1,shopmelaninmagic.com,https://shopmelaninmagic.com/blog/Tackling Traction Alopecia A Comprehensive Guide for Black Women,,https://shopmelaninmagic.com/blog/Tackling Traction Alopecia A Comprehensive Guide for Black Women,,,,0,e3b0c44298fc1c149afbf4c8996fb92427ae41e4649b934ca495991b7852b855,e3b0c44298fc1c149afbf4c8996fb92427ae41e4649b934ca495991b7852b855,27,InvalidURL:URL can't contain control characters. '/blog/Tackling Traction Alopecia A Comprehensive Guide for Black Women' (found at least ' ')
ct.asset.surface.web.shopmelaninmagic.com.v1,shopmelaninmagic.com,https://shopmelaninmagic.com/blog/Discover the Versatility of VersaStyler Cream Your All-Inclusive Haircare Hero,,https://shopmelaninmagic.com/blog/Discover the Versatility of VersaStyler Cream Your All-Inclusive Haircare Hero,,,,0,e3b0c44298fc1c149afbf4c8996fb92427ae41e4649b934ca495991b7852b855,e3b0c44298fc1c149afbf4c8996fb92427ae41e4649b934ca495991b7852b855,17,InvalidURL:URL can't contain control characters. '/blog/Discover the Versatility of VersaStyler Cream Your All-Inclusive Haircare Hero' (found at least ' ')
ct.asset.surface.web.shopmelaninmagic.com.v1,shopmelaninmagic.com,https://shopmelaninmagic.com/blog/kx744g9s5b48oxuvod7uuloy3scro6,200,https://shopmelaninmagic.com/blog/kx744g9s5b48oxuvod7uuloy3scro6,"Unveiling the Secrets of Melanin Magic Hair Elixir: Your Ultimate Guide to Luminous, Soft, and Frizz-Free Hair | Melanated Solutions",https://shopmelaninmagic.com/blog/kx744g9s5b48oxuvod7uuloy3scro6,text/html;charset=utf-8,281535,d5ccfd835e31153b1452d0b2e09f2be111fa33efbecf312fc2f992d61bbb64d0,0a0738b27aaf15c5f3915ac990ad4023d1ab4e9dc9198a18e3bc3bd4290b7652,309,
ct.asset.surface.web.shopmelaninmagic.com.v1,shopmelaninmagic.com,https://shopmelaninmagic.com/blog/The Ultimate Guide to Melanin Magic Amplify Foam Elevate Your Hair Game,,https://shopmelaninmagic.com/blog/The Ultimate Guide to Melanin Magic Amplify Foam Elevate Your Hair Game,,,,0,e3b0c44298fc1c149afbf4c8996fb92427ae41e4649b934ca495991b7852b855,e3b0c44298fc1c149afbf4c8996fb92427ae41e4649b934ca495991b7852b855,17,InvalidURL:URL can't contain control characters. '/blog/The Ultimate Guide to Melanin Magic Amplify Foam Elevate Your Hair Game' (found at least ' ')
ct.asset.surface.web.shopmelaninmagic.com.v1,shopmelaninmagic.com,https://shopmelaninmagic.com/blog/Crown Control Pomade: Your Comprehensive Guide to Mastering the Art of Natural Hair Care,,https://shopmelaninmagic.com/blog/Crown Control Pomade: Your Comprehensive Guide to Mastering the Art of Natural Hair Care,,,,0,e3b0c44298fc1c149afbf4c8996fb92427ae41e4649b934ca495991b7852b855,e3b0c44298fc1c149afbf4c8996fb92427ae41e4649b934ca495991b7852b855,17,InvalidURL:URL can't contain control characters. '/blog/Crown Control Pomade: Your Comprehensive Guide to Mastering the Art of Natural Hair Care' (found at least ' ')
socialaily.com,socialaily.com,https://socialaily.com/,200,https://socialaily.com/,SocialAIly | SocialAIly - AI-Powered Social Media Management Platform,https://socialaily.com,text/html; charset=utf-8,187217,a1e8bc9f8c1ad1acd388407108a197781a0c90b442fd44b5c4cfda0ff6a001be,debbc7733ed4c90b75d671afefd1f70dc39063865b24436b3b368d64e5dbc56b,1263,
socialaily.com,socialaily.com,https://socialaily.com,200,https://socialaily.com,SocialAIly | SocialAIly - AI-Powered Social Media Management Platform,https://socialaily.com,text/html; charset=utf-8,187217,c15ac3959193c14793f2cd16c755c2ed695c9cb9ada83def6b2f31afd7248ae3,b19782a0d90c19f0f1d9cd305edaddb77c3bac18d04f2c081debf50edfc077f0,1148,
socialaily.com,socialaily.com,https://socialaily.com/@@,404,https://socialaily.com/@@,Error,,text/html; charset=utf-8,5371,1d647edffa3a10c9d53298eb36102c32b66cc9e1f82012bc0a166debef05ca7f,283a3eb2511d1a95c4c93cbb461c3355d4a86f29502bb6ef7b70d582ab26d9d1,387,HTTPError:404
socialaily.com,socialaily.com,https://socialaily.com/blogs,200,https://socialaily.com/blogs,SocialAIly | Blogs - SocialAIly Insights and Tips,https://socialaily.com/blogs,text/html; charset=utf-8,57480,12262c6561c2757f2d84984c2a5cd551aa4052a2d7642e4b731b100bedef6d9e,239992f2c9d7f986ada53d65a7f2658be7ff05c039fbd3fe31ecd0ce04ee0968,826,
socialaily.com,socialaily.com,https://socialaily.com/blogs/maximizing-social-media-engagement-ai-tools,200,https://socialaily.com/blogs/maximizing-social-media-engagement-ai-tools,SocialAIly | Boost Social Media Engagement with AI-Powered Tools | SocialAIly,https://socialaily.com/blogs/maximizing-social-media-engagement-ai-tools,text/html; charset=utf-8,62569,cceb1798d2fe0aa7193d5163946ee1d48037c55eb5b18d75324ad31796914d3b,89f762bbe35f9e8d4f6836112671202d30d8708305b3344254356957fb4768c8,883,
socialaily.com,socialaily.com,https://socialaily.com/blogs/meaning-behind-socialaily,200,https://socialaily.com/blogs/meaning-behind-socialaily,SocialAIly | The Meaning Behind SocialAIly: Your Trusted Social Media Ally,https://socialaily.com/blogs/meaning-behind-socialaily,text/html; charset=utf-8,62466,21daf8fbf281bff9dc1ac2a6c7e8f3dd5aa9e7168dc42b6c7967cad2d00aa544,818940aa78d78c054188510481bf5996b34badb3ac7a3ff83a917d86aeb1cd41,998,
socialaily.com,socialaily.com,https://socialaily.com/blogs/predictions-for-2025,200,https://socialaily.com/blogs/predictions-for-2025,SocialAIly | Predictions for 2025: Top Trends in Business and Social Media,https://socialaily.com/blogs/predictions-for-2025,text/html; charset=utf-8,63243,12bfd258a8b9adde283a7376473a5c3e115317ab65426e74c5736eaabb9574d6,351d2af15eb560c5049c104bb395bc54878a92581a05ef5d955c2403eb7d2987,856,
socialaily.com,socialaily.com,https://socialaily.com/contact,200,https://socialaily.com/contact,SocialAIly | Contact Us - SocialAIly,https://socialaily.com/contact,text/html; charset=utf-8,60449,d32191a46c3291b1e04845c7dc9f4a317eca6ddf128a81933d88a685ff0d9d3f,115a937fdce64716e3109cdbe818e4a7d59e261abbc707cef962c06e9343f4c7,975,
domain:sprint.crownthrive.io,sprint.crownthrive.io,https://sprint.crownthrive.io/,200,https://sprint.crownthrive.io/,Spryn — Execution Board for Serious Teams,https://sprint.crownthrive.io,text/html; charset=utf-8,11158,2adc62d91c4422d46a082f671f3f8eb82ef1cfa727bc2fb593c50ceee02a3cab,e2b8ceac9c76951062e2f9045d40f92d919f47c9ea2eea7bff618d74d59886a7,966,
stonkcliques.com,stonkcliques.com,https://stonkcliques.com/,,https://stonkcliques.com/,,,,0,e3b0c44298fc1c149afbf4c8996fb92427ae41e4649b934ca495991b7852b855,e3b0c44298fc1c149afbf4c8996fb92427ae41e4649b934ca495991b7852b855,12322,URLError:<urlopen error _ssl.c:993: The handshake operation timed out>
stonklist.com,stonklist.com,https://stonklist.com/,,https://stonklist.com/,,,,0,e3b0c44298fc1c149afbf4c8996fb92427ae41e4649b934ca495991b7852b855,e3b0c44298fc1c149afbf4c8996fb92427ae41e4649b934ca495991b7852b855,12114,URLError:<urlopen error timed out>
tamegallery.com,tamegallery.com,https://tamegallery.com/,,https://tamegallery.com/,,,,0,e3b0c44298fc1c149afbf4c8996fb92427ae41e4649b934ca495991b7852b855,e3b0c44298fc1c149afbf4c8996fb92427ae41e4649b934ca495991b7852b855,10030,URLError:<urlopen error [Errno -3] Temporary failure in name resolution>
tearsofdefeat.com,tearsofdefeat.com,https://tearsofdefeat.com/,,https://tearsofdefeat.com/,,,,0,e3b0c44298fc1c149afbf4c8996fb92427ae41e4649b934ca495991b7852b855,e3b0c44298fc1c149afbf4c8996fb92427ae41e4649b934ca495991b7852b855,10037,URLError:<urlopen error [Errno -3] Temporary failure in name resolution>
thelmarket.com,thelmarket.com,https://thelmarket.com/,,https://thelmarket.com/,,,,0,e3b0c44298fc1c149afbf4c8996fb92427ae41e4649b934ca495991b7852b855,e3b0c44298fc1c149afbf4c8996fb92427ae41e4649b934ca495991b7852b855,10032,URLError:<urlopen error [Errno -3] Temporary failure in name resolution>
themaneexperience.com,themaneexperience.com,https://themaneexperience.com/,200,https://themaneexperience.com/,The Mane Experience: The First Digital Lifestyle Magazine Powered by Its Members,,text/html; charset=utf-8,94005,5cd5177b7ac88ce8090fe6fce061a43d9faeb6033de0489b5b79935e66b085f2,d1aa4fd0f9407c9c45a0e2c3a00a1c90117b1fc011520463dc3f682ec526636b,2571,
themaneexperience.com,themaneexperience.com,https://themaneexperience.com/3/virginia-q-virginia-freestyle-va-anthem,200,https://themaneexperience.com/3/virginia-q-virginia-freestyle-va-anthem,The Mane Experience: The First Digital Lifestyle Magazine Powered by Its Members,,text/html; charset=utf-8,22491,637424014f6ab8654d556f7d93e6d77b44b5091387a38551e0625218b5621f46,8b0cca3bab338c372587bb17922f6ef62d2679616e56f77d4db1af42a1568c8b,434,
themaneexperience.com,themaneexperience.com,https://themaneexperience.com/4/2024-presidential-election,200,https://themaneexperience.com/4/2024-presidential-election,The Mane Experience: The First Digital Lifestyle Magazine Powered by Its Members,,text/html; charset=utf-8,22465,0c5422cc43fd0e4882cf65256f7f60a76fc6505740eb35dcbb557432779b986a,acac2990da5fa23a062ce9adc5f4139874f74add11562b201f693c6a0459812c,419,
themaneexperience.com,themaneexperience.com,https://themaneexperience.com/5/help-us-launch-crownthriveu,200,https://themaneexperience.com/5/help-us-launch-crownthriveu,The Mane Experience: The First Digital Lifestyle Magazine Powered by Its Members,,text/html; charset=utf-8,22467,143df534a2439f1d01c7b31ff204ae989216154da763d02b831733c75524813d,f376628685d94cbca6ba17e68716dd07ae541b1c14a373e1a04e9712cf1117f7,355,
themaneexperience.com,themaneexperience.com,https://themaneexperience.com/6/not-like-us-kendrick-lamar,200,https://themaneexperience.com/6/not-like-us-kendrick-lamar,The Mane Experience: The First Digital Lifestyle Magazine Powered by Its Members,,text/html; charset=utf-8,22465,1f8f8334ff31d4e65af188a853104aef675701fe8f211a596e0f608c03735278,5df118e178bbbc51bb991d8edd5fe4394b3fb1fab4a38652e5dc5dd6dbf1504c,395,
themaneexperience.com,themaneexperience.com,https://themaneexperience.com/7/why-you-should-join-locticians-community-and-directory,200,https://themaneexperience.com/7/why-you-should-join-locticians-community-and-directory,The Mane Experience: The First Digital Lifestyle Magazine Powered by Its Members,,text/html; charset=utf-8,22521,b28cb1fd425357266fb0737aec307296c2be12154f8e24af13e694f162ffd838,ab0048dbc341350301194871152336e14a18c45d815ef0ace36e0d3cd90b0aef,455,
themaneexperience.com,themaneexperience.com,https://themaneexperience.com/10/how-do-i-find-a-loctician-near-me,200,https://themaneexperience.com/10/how-do-i-find-a-loctician-near-me,The Mane Experience: The First Digital Lifestyle Magazine Powered by Its Members,,text/html; charset=utf-8,22481,16671ebe7a6242f6a85679e2767017041c96cb2fb38113af0605729f39a71cf3,3994e28b63faa9fad595f13e94c6444aefbacc682989e313db8e1f1ef9185d20,623,
themaneexperience.com,themaneexperience.com,https://themaneexperience.com/11/love-and-wellness,200,https://themaneexperience.com/11/love-and-wellness,The Mane Experience: The First Digital Lifestyle Magazine Powered by Its Members,,text/html; charset=utf-8,22449,1f6723bf470152de1c8098c8c61d88720619ad4f4ae40651e815de9a0f67504c,513edcd2c9d04d8b2a047c7063aeaff379303b6ac2a5a4665a53a9456e76e644,510,
thetamegallery.com,thetamegallery.com,https://thetamegallery.com/,,https://thetamegallery.com/,,,,0,e3b0c44298fc1c149afbf4c8996fb92427ae41e4649b934ca495991b7852b855,e3b0c44298fc1c149afbf4c8996fb92427ae41e4649b934ca495991b7852b855,10035,URLError:<urlopen error [Errno -3] Temporary failure in name resolution>
thrivealumni.com,thrivealumni.com,https://thrivealumni.com/,200,https://thrivealumni.com/,ThriveAlumni | Unite. Build. Thrive - Home,,text/html; charset=utf-8,64164,3c826603468bdf0d817186677daa7618eb5545105587e184d3c8f17833135180,bb4bb77a884d22d5657adf2becc653bc569406f87f1648f311ef848bd3e448a6,2040,
thrivealumni.com,thrivealumni.com,https://thrivealumni.com,200,https://thrivealumni.com,ThriveAlumni | Unite. Build. Thrive - Home,,text/html; charset=utf-8,64164,11fe07731fe73dcc35894e4fb01bc3f7a7978a03f2f15288c311a07e9decc1d7,bb4bb77a884d22d5657adf2becc653bc569406f87f1648f311ef848bd3e448a6,1943,
thrivealumni.com,thrivealumni.com,https://thrivealumni.com/all-alumni,200,https://thrivealumni.com/all-alumni,ThriveAlumni | Unite. Build. Thrive - Alumni Directory,,text/html; charset=utf-8,39156,d6cfd019608648ad4e295f49007f9a2a343430be313c4cbb6b28f6c64fbbfa50,9ba20131b9fd1b81643a41dd59e342cabb58ead5483d76e049668fec1014509b,1671,
thrivealumni.com,thrivealumni.com,https://thrivealumni.com/all-event,200,https://thrivealumni.com/all-event,ThriveAlumni | Unite. Build. Thrive - Events,,text/html; charset=utf-8,35572,e0cbb5d405657bde6ebaa0c8dc12612ddf842bd580f7d2e0ba41f1c9be2c6971,ee26c5264ee0924b3bf396d0fa799eacb8ecb047d7173957eb31cf010e30f769,1609,
thrivealumni.com,thrivealumni.com,https://thrivealumni.com/all-job,200,https://thrivealumni.com/all-job,ThriveAlumni | Unite. Build. Thrive - Career Opportunities,,text/html; charset=utf-8,35741,ddb62bd87b375b47cb421a8c64558e0bd6d9ab231de94800eee8a1cf2188e42e,440fbe4298d80b59245c7b78b4781caae45b9c592356b3c3eb9462d68183a28d,1619,
thrivealumni.com,thrivealumni.com,https://thrivealumni.com/all-membership,200,https://thrivealumni.com/all-membership,ThriveAlumni | Unite. Build. Thrive - Legacy Memberships,,text/html; charset=utf-8,45292,cd20c6120ae736cb50b5397fd3295b7e17e26e199753bc58445879c5d46e78f9,82359cc5a516e9600f61c4e7b876b4b26ef0f135de9803512664ac444146d0d4,1830,
thrivealumni.com,thrivealumni.com,https://thrivealumni.com/all-stories,200,https://thrivealumni.com/all-stories,ThriveAlumni | Unite. Build. Thrive - Success Chronicles,,text/html; charset=utf-8,36958,d22d2f47554363bbaa734bfc5c72e780ba519e554bbcefa3547a0eb9ef206eb5,9271a1816520ae7653d931b9df889af08a4b5061ffd2ead8ae99cee4597a1ce8,1618,
thrivealumni.com,thrivealumni.com,https://thrivealumni.com/campaigns,200,https://thrivealumni.com/campaigns,ThriveAlumni | Unite. Build. Thrive - Funding,,text/html; charset=utf-8,54954,bf606da3bcaeb2d65d16e344439693b38962b4a18dfebf5f1c5cf183daa3c576,9a2e9d23ca84679cbb99ec430acde56962f403be86bfc9a9382c05a541e7377a,1639,
ct.vercel.project.thrivebeacons-config-probe-20260830,thrivebeacons-config-probe-20260830.vercel.app,https://thrivebeacons-config-probe-20260830.vercel.app/,404,https://thrivebeacons-config-probe-20260830.vercel.app/,404: NOT_FOUND,,text/html; charset=utf-8,3718,60e2efb427b4098b50813686c399b3f568defc3015a06c082380b5201578dec8,8ce6f355da9bba360aa52c26ea5ac8c94436d1c17c734c8e94232bb63f897a8a,215,HTTPError:404
ct.vercel.project.thrivebeacons,thrivebeacons.vercel.app,https://thrivebeacons.vercel.app/,500,https://thrivebeacons.vercel.app/,,,text/html; charset=utf-8,1932,c4afddfe94c5f506d8cec6fb6f8eafc53e5c1bf47e02e5a7f026328d29e51325,f1193deec5f70d5cb8e11be18f352b660769782565708be37768c055ba934ec4,456,HTTPError:500
thrivebookings.com,thrivebookings.com,https://thrivebookings.com/,,https://thrivebookings.com/,,,,0,e3b0c44298fc1c149afbf4c8996fb92427ae41e4649b934ca495991b7852b855,e3b0c44298fc1c149afbf4c8996fb92427ae41e4649b934ca495991b7852b855,15048,URLError:<urlopen error [Errno -3] Temporary failure in name resolution>
thrivelnk.io,thrivelnk.io,https://thrivelnk.io/,200,https://thrivelnk.io/,CrownThrive IO: Empower Your Digital Presence | CrownThrive IO | Your Gateway to Streamlined Digital Growth,https://crownthrive.io/,text/html; charset=utf-8,437894,19ef85831228edc25a9bfaaaea5a3837b906372398100da37644f1581f5d4b51,7ba8faf3177cbcc17474605ad5d7f36e66117935e8410ff03a226525498b2a30,986,
thrivepeer.com,thrivepeer.com,https://thrivepeer.com/,200,https://thrivepeer.com/,ThrivePeer • Home • Connect With World Class Mentors,,text/html; charset=utf-8,99792,5661219345c77405a6d514803e0a8a7f1df58f283368b3c97983740030e3df39,fcd4c9c20dbc1db5564162c1e0ce55939f4dc9db995efc1616a8ef562bf7e2c0,946,
thrivepeer.com,thrivepeer.com,https://thrivepeer.com/auth/switch_mode/dark,200,https://thrivepeer.com/,ThrivePeer • Home • Connect With World Class Mentors,,text/html; charset=utf-8,99792,6ef91c7446bdf0d59adf98808f75df4adbe4c81a46feecfa4c3fba056230da1f,b1ef217a5776f1ed29728ffdd455442dec7cdcc51cadf0792eb30a5c45c289e9,1368,
thrivepeer.com,thrivepeer.com,https://thrivepeer.com/blogs,200,https://thrivepeer.com/blogs,ThrivePeer • Blogs • Connect With World Class Mentors,,text/html; charset=utf-8,22164,34516b0d91a9a764a650f409a0bd0150f55d3d3e719bed4532c675eb21ae01ac,f13f7e3587eada2db16b57e43633e712d39c833f7893ba237fa4a6019d6a1929,712,
thrivepeer.com,thrivepeer.com,https://thrivepeer.com/contact,200,https://thrivepeer.com/contact,ThrivePeer • Contact • Connect With World Class Mentors,,text/html; charset=utf-8,24008,4a63d3f87cd30a31ce5c85790da2158f47fa128496ee8a8885f4836ac00d0e3b,6ae1f890d13f0084286bdd2bf35d50805034ad4f4d68129d4b06a74dbe0c57f5,559,
thrivepeer.com,thrivepeer.com,https://thrivepeer.com/faqs,200,https://thrivepeer.com/faqs,ThrivePeer • FAQs • Connect With World Class Mentors,,text/html; charset=utf-8,34746,0b3313e0a94d061b2f0164dd78158fa60d74cb61e1fed6590d6456e2794a1d1b,1fc830b8316c90247ddb0511f1b8420ef0f72167aaa3396ccfd1b57ab91b0399,496,
thrivepeer.com,thrivepeer.com,https://thrivepeer.com/login,200,https://thrivepeer.com/login,ThrivePeer • Login • Connect With World Class Mentors,,text/html; charset=utf-8,22847,427b457654792205816cbed5a930f97c7159bef67db6e3b0eb140edcbde1a27b,33a31c9b7e7965b90524ea2ab077ceba6a30d039e924ba635f4cce5a68b23844,753,
thrivepeer.com,thrivepeer.com,https://thrivepeer.com/mentor/anrayea-charlton-647,200,https://thrivepeer.com/mentor/anrayea-charlton-647,ThrivePeer • Profile • Connect With World Class Mentors,,text/html; charset=utf-8,57509,9e9de35bfe27b87d09f37df53f22d9ba599dc8d6ffc58b6d794648f2b3d80ba6,2684f8a1e2f285b6b6f7eb43d886979d3a806b53a540796bd03a9a3ae48d5925,576,
thrivepeer.com,thrivepeer.com,https://thrivepeer.com/mentor/kavonte-jones-sr,200,https://thrivepeer.com/mentor/kavonte-jones-sr,ThrivePeer • Profile • Connect With World Class Mentors,,text/html; charset=utf-8,61288,2f8bce69a77ca2f7fa88c3f7a42dce40ad7fd0f30366c1663845487bfecdb4d3,957f3b191bb5047f5c56efca0e85203b245af8c929ce90ba363c3d30d771b5f9,619,
thrivepeers.com,thrivepeers.com,https://thrivepeers.com/,,https://thrivepeers.com/,,,,0,e3b0c44298fc1c149afbf4c8996fb92427ae41e4649b934ca495991b7852b855,e3b0c44298fc1c149afbf4c8996fb92427ae41e4649b934ca495991b7852b855,9973,URLError:<urlopen error [Errno -3] Temporary failure in name resolution>
domain:thrivepush.io,thrivepush.io,https://thrivepush.io/,200,https://thrivepush.io/,"ThrivePush Web Notifications – Engage, Automate, Convert | ThrivePush | Drive Conversions with Personalized Push Notifications",https://thrivepush.io/,text/html; charset=utf-8,207977,ab55e112f673ec68270fa24e04718c4d548745b87271fef2f0dee685c00447bd,3955e3603be702a296b2795fc3c1aac10a8dae25f74c15eeebf7a00d9c76820d,644,
domain:thrivepush.io,thrivepush.io,https://thrivepush.io/sitemap/main,200,https://thrivepush.io/sitemap/main,,,text/xml;charset=utf-8,4775,5db2da776a151b9f76c3d6b1a1b0b571cbe1d39f43ce0eae6d4eb1277bcef203,ced6db708e6d8e9f63ce2d43381c1439018210d9abcd374e4959578466a50970,281,
domain:thrivepush.io,thrivepush.io,https://thrivepush.io/api-documentation,200,https://thrivepush.io/api-documentation,API Documentation | ThrivePush | Drive Conversions with Personalized Push Notifications,https://thrivepush.io/api-documentation,text/html; charset=utf-8,64423,a36db552364fdf4ce9227f4ca97447ca174f74b799572f18132c7c3dcbcb8c17,825a46589eaed6b4c8542e15b12300604ce55f959907ab56f328fa5fec1e912e,397,
domain:thrivepush.io,thrivepush.io,https://thrivepush.io/blog,200,https://thrivepush.io/blog,Blog | ThrivePush | Drive Conversions with Personalized Push Notifications,https://thrivepush.io/blog,text/html; charset=utf-8,81157,a36f67be6464d8bceaf3dad1404b797922573e2b39cd05783928ba2ac0945179,50ba7d029558958b65ff5d1a3eb168b31cba7bd5f53453c8db9fe79fe9073720,362,
domain:thrivepush.io,thrivepush.io,https://thrivepush.io/blog/maximize-business-potential-with-thrivepush,200,https://thrivepush.io/blog/maximize-business-potential-with-thrivepush,Maximize Your Business Potential with ThrivePush: The Ultimate Notification Solution | Blog | ThrivePush | Drive Conversions with Personalized Push Notifications,https://thrivepush.io/blog/maximize-business-potential-with-thrivepush,text/html; charset=utf-8,77758,e8383a8fb0716916b8bc9cd7d3a38e00826d249f0e5e63a7ecdfc13e7f1d6818,be9ecedd5d7e932673f825227f4a159f5739e0703ad04bb7bdde70b5e63a9f83,401,
domain:thrivepush.io,thrivepush.io,https://thrivepush.io/blog/revolutionizing-customer-engagement-with-thrivepush,200,https://thrivepush.io/blog/revolutionizing-customer-engagement-with-thrivepush,Revolutionizing Customer Engagement with ThrivePush | Blog | ThrivePush | Drive Conversions with Personalized Push Notifications,https://thrivepush.io/blog/revolutionizing-customer-engagement-with-thrivepush,text/html; charset=utf-8,77485,ca2240e9615cc54b04e4a97115a498323c7cf7fadff4596a24b3e5669921cb98,2fe5fc2bd1e2685508477dc5af00e42be96aa5c3b9bfbe671196cd4652cddcc0,442,
domain:thrivepush.io,thrivepush.io,https://thrivepush.io/blog/streamlining-workflows-with-thrivepush,200,https://thrivepush.io/blog/streamlining-workflows-with-thrivepush,Streamlining Workflows with ThrivePush: A Guide to Efficiency | Blog | ThrivePush | Drive Conversions with Personalized Push Notifications,https://thrivepush.io/blog/streamlining-workflows-with-thrivepush,text/html; charset=utf-8,76667,2c88f45bba9a4a6e6105dafc14cfb37892ce980b2e08a0ed44a9efe18cef8542,f0e536b0025cb27948ef75c9bd4ca29121b8412a48fe59b17cca485e550c6896,1367,
domain:thrivepush.io,thrivepush.io,https://thrivepush.io/contact,200,https://thrivepush.io/contact,Contact | ThrivePush | Drive Conversions with Personalized Push Notifications,https://thrivepush.io/contact,text/html; charset=utf-8,52167,d498944cb6ef1c1f00b345c9fa8d79a52f4387d65b0e4681a07db324dede63d7,1082f040a3355671881121b239624049949d6495b5beb25ab73b4b79af39adde,408,
thriverelay.com,thriverelay.com,https://thriverelay.com/,404,https://thriverelay.com/,404 Not Found,,text/html,1251,4c13d452dd5d49671bd93ca32f2b4f85c78e39b6ab0ad1f38d98ed267f8fd896,9700dfc002085349fed459bbf40e017f92600723f71b61924e38bf2780df3592,233,HTTPError:404
thriveseat.com,thriveseat.com,https://thriveseat.com/,200,https://thriveseat.com/,ThriveSeat,,text/html; charset=utf-8,65128,cfd77e39253d86393d412693363b6e2732ae4dc66ff4addcf205646eaff29d3a,aa6f8039e042514e17f3ed4cda51e328432a4afafa572a42a70e4059b256101a,2005,
thriveseat.com,thriveseat.com,https://thriveseat.com,200,https://thriveseat.com,ThriveSeat,,text/html; charset=utf-8,65128,60032d4ae6950ae303a6933e84f317129dc754490a58b94208959abad8885301,aa6f8039e042514e17f3ed4cda51e328432a4afafa572a42a70e4059b256101a,2224,
thriveseat.com,thriveseat.com,https://thriveseat.com/blogs,200,https://thriveseat.com/blogs,Blog,,text/html; charset=utf-8,25386,f6d93907077984ce0cbc614c9d82ad803a1e990cf06c16a208ad00b3ae683181,c116b8dd4aa52f0e2667d0f0651a3250eb7465a61251a32e2c98177d986f4783,2097,
thriveseat.com,thriveseat.com,https://thriveseat.com/faqs,200,https://thriveseat.com/faqs,FAQ,,text/html; charset=utf-8,45584,005e6818d02c8ed4086287061c5b36235eca2ced7137928170a6058c25d43d0a,ba306423aa5c885aba17b194044e9917179a60775f6c099823f3b93a65a88213,2102,
thriveseat.com,thriveseat.com,https://thriveseat.com/feature,200,https://thriveseat.com/feature,Features,,text/html; charset=utf-8,33759,e7491c97a6ffc017fdb660cf8ba9456741674871fab69af0e6dec10c171cae83,c1832092d826d6cb045ab35b2ca2a461bb49654c3e2dc9af88901f5facd0000e,2030,
thriveseat.com,thriveseat.com,https://thriveseat.com/index.html,404,https://thriveseat.com/index.html,Not Found,,text/html; charset=utf-8,6614,c9f6fa6b55b602844e6a1bff6e0806ac42a225c1f38cf59c659c9ace0c65f93d,fcca2e4671d5603c8883d56e5c2a11656ac1013e3b89dda54e199bdd4413120b,1922,HTTPError:404
thriveseat.com,thriveseat.com,https://thriveseat.com/login-page,200,https://thriveseat.com/login-page,ThriveSeat,,text/html; charset=utf-8,15575,795fc9711c5127eff80cb24843239d5234cccc27550f72f7bc6884bed017f4fa,45ad7711c0714287c9878c2e45cb7b84741b0b1d0e08319708be15aa7bc30ddb,1947,
thriveseat.com,thriveseat.com,https://thriveseat.com/page/about-us,200,https://thriveseat.com/page/about-us,Page,,text/html; charset=utf-8,29944,aae33a7e1d1bc073e857e955f320abab26d9275e72c86cd32de690af56e59342,b3c5c4866746ef90cf6a6c88875bd15b4104efadeeae3a60d6a08bbcb16a96a9,2056,
thrivetickets.com,thrivetickets.com,https://thrivetickets.com/,200,https://thrivetickets.com/,"ThriveTickets connects creators, brands, and communities with a powerful event and ticketing platform built inside the CrownThrive Convergent Ecosystem. Host events, sell tickets, build audiences, and plug directly into the Hybrid Incubator, Thrive Flywheel, CrownRewards, and more. | ThriveTickets |",https://thrivetickets.com/,text/html; charset=utf-8,98392,b95c2672408022291a705c4a827e0972a3c46ef5017aa3a42ddceb49387eba5a,2eae89994904cb6668854dc655456655664a575987792c66e4f8b89f138ec7ff,2393,
thrivetickets.com,thrivetickets.com,https://thrivetickets.com/sitemap.default.xml,200,https://thrivetickets.com/sitemap.default.xml,,,text/xml; charset=utf-8,51115,dda04c5bdf5bd94dc0169c9234b260cfcb2b139f10377fa626e68f15f086e35d,bb49f06c668586f5af72a44ce920b32e84475b1e5a96c9c99715379d292ca678,1991,
thrivetickets.com,thrivetickets.com,https://thrivetickets.com/en,200,https://thrivetickets.com/en,"ThriveTickets connects creators, brands, and communities with a powerful event and ticketing platform built inside the CrownThrive Convergent Ecosystem. Host events, sell tickets, build audiences, and plug directly into the Hybrid Incubator, Thrive Flywheel, CrownRewards, and more. | ThriveTickets |",https://thrivetickets.com/en,text/html; charset=utf-8,98404,331556aedfab949f132ced9ab298ca8a91a4900a02f6863d42b230a6d0fe7cde,2eae89994904cb6668854dc655456655664a575987792c66e4f8b89f138ec7ff,1371,
thrivetickets.com,thrivetickets.com,https://thrivetickets.com/en/blog,200,https://thrivetickets.com/en/blog,Blog | ThriveTickets | The Event Platform Powered by the CrownThrive Convergent Ecosystem,https://thrivetickets.com/en/blog,text/html; charset=utf-8,42368,00a59689ca8f73d0341173c8152d650f7ef1679a8cf037b9868c89573441f2d0,efaa22e318b6513d95204bda212ffc6d76d684a3d059c7803d561cd6c1dd91fa,1203,
thrivetickets.com,thrivetickets.com,https://thrivetickets.com/en/blog-article/benefits-of-crownrewards-for-organizers,200,https://thrivetickets.com/en/blog-article/benefits-of-crownrewards-for-organizers,Benefits of CrownRewards for Organizers | ThriveTickets | The Event Platform Powered by the CrownThrive Convergent Ecosystem,https://thrivetickets.com/en/blog-article/benefits-of-crownrewards-for-organizers,text/html; charset=utf-8,53655,6ec1434b0ceb972a778493b76b8874fa5fbf5bcece1359ff017aef6e825da088,5f3069ef3cba0ee895002be971a433a1688a714867be6a8e90ab0a05ccc72b0b,771,
thrivetickets.com,thrivetickets.com,https://thrivetickets.com/en/blog-article/during-event-engagement-tips,200,https://thrivetickets.com/en/blog-article/during-event-engagement-tips,During-Event Engagement Tips | ThriveTickets | The Event Platform Powered by the CrownThrive Convergent Ecosystem,https://thrivetickets.com/en/blog-article/during-event-engagement-tips,text/html; charset=utf-8,56816,4aa7640e53946543ff790daeb0a46b95da307a860a86310fd42fb4cdd3836223,3e41b412fa0008eee3911bf887bce515e7a50f0a7128691a4cee90ed5e8bf267,760,
thrivetickets.com,thrivetickets.com,https://thrivetickets.com/en/blog-article/how-organizers-manage-paypal-and-stripe-payouts,200,https://thrivetickets.com/en/blog-article/how-organizers-manage-paypal-and-stripe-payouts,How Organizers Manage PayPal and Stripe Payouts | ThriveTickets | The Event Platform Powered by the CrownThrive Convergent Ecosystem,https://thrivetickets.com/en/blog-article/how-organizers-manage-paypal-and-stripe-payouts,text/html; charset=utf-8,60125,8640ef146c5dc549e7dffce7a999224c6c7105f88e323e17c07f3202c681dbb1,f7ebfdeee37cb21a53ba8a361deff97983b2e2dd82ba4fd3f31d9b8f90e2ee03,856,
thrivetickets.com,thrivetickets.com,https://thrivetickets.com/en/blog-article/key-elements-of-an-event-program,200,https://thrivetickets.com/en/blog-article/key-elements-of-an-event-program,Key Elements of an Event Program | ThriveTickets | The Event Platform Powered by the CrownThrive Convergent Ecosystem,https://thrivetickets.com/en/blog-article/key-elements-of-an-event-program,text/html; charset=utf-8,55758,25d99236b2eda6e8418a0927db3ac89c110dba6289344bc0e86065c266de1fa3,f14be2737f149a486792eef9a448a1f5a7cefd0788444e13b6aaffc8f3e4845a,709,
thrivetools.io,thrivetools.io,https://thrivetools.io/,200,https://thrivetools.io/,ThriveTools: Advanced Online Tools for Every Need | ThriveTools | Your All-in-One Suite for Digital Productivity,https://thrivetools.io/,text/html; charset=utf-8,452964,dfd84efcced9cc413d83c831b2993fecb87b1e5881399a75e05a2f17f6e10635,ee0714d0fbbddebe32f0bbf9b0bbe3cee86db17c63f59c23d1c07d20e354b8d6,1120,
thrivetools.io,thrivetools.io,https://thrivetools.io/sitemap/main,200,https://thrivetools.io/sitemap/main,,,text/xml;charset=utf-8,4782,d95d2b3bdddc1a163d6986191a17fb0d485ee90dea6b136375f04ba36106c3a1,f2c3fe05e16e00172cfb28cf12ed9f92e2764979ca48c0b650ee3b1e99c9eef4,267,
thrivetools.io,thrivetools.io,https://thrivetools.io/sitemap/tools,200,https://thrivetools.io/sitemap/tools,,,text/xml;charset=utf-8,367,8169a9b9bc6ce41ce82e0f359e85901750c6fd66a8ef4ba2289e5a78ab278704,2ee21c7cd8d2b66dd7b8cd7cfb0564b633ddcc077af9c7eb76326c1843e8eb98,257,
thrivetools.io,thrivetools.io,https://thrivetools.io/api-documentation,200,https://thrivetools.io/api-documentation,API Documentation | ThriveTools | Your All-in-One Suite for Digital Productivity,https://thrivetools.io/api-documentation,text/html; charset=utf-8,48396,203438792e23b3ce4b87cf18fa433fcfbd20cad09e2b783a837564d93a3e4f41,4fcf468e7e14d41ac3cb762e0e6012f9fdbd820d0cf313aa67c9eea402ab3422,359,
thrivetools.io,thrivetools.io,https://thrivetools.io/area-converter-tools,200,https://thrivetools.io/area-converter-tools,Area units converter tools | ThriveTools | Your All-in-One Suite for Digital Productivity,https://thrivetools.io/area-converter-tools,text/html; charset=utf-8,446893,f0933984d200cdb081b50bf4c4e5c2dbc8cd2f34b639113c96f2ea8a53f84356,a6596323bbb209187f3b9fb2b5561cf92bf440410941633565cc505ded3d17bb,808,
thrivetools.io,thrivetools.io,https://thrivetools.io/blog,200,https://thrivetools.io/blog,Blog | ThriveTools | Your All-in-One Suite for Digital Productivity,https://thrivetools.io/blog,text/html; charset=utf-8,64300,76b419c1e21552432e694cd7e224435f838d052472176b09237fb2f530466e7a,ccba1ab302eb6240733db2b308a5e710819f09c4d8ec79add49798281422c468,527,
thrivetools.io,thrivetools.io,https://thrivetools.io/blog/creative-tools-for-designers,200,https://thrivetools.io/blog/creative-tools-for-designers,Unlock Your Creativity: 5 Essential Tools for Designers on ThriveTools | Blog | ThriveTools | Your All-in-One Suite for Digital Productivity,https://thrivetools.io/blog/creative-tools-for-designers,text/html; charset=utf-8,68115,162a91c028e53d5757ab594810db0faffc813d43b575289ff7411ec0df308fd9,63ae913d406bb1d12adedde7fa81837c8fa64444d66b076780e0fa973b455a1b,449,
thrivetools.io,thrivetools.io,https://thrivetools.io/blog/data-management-conversion-tools,200,https://thrivetools.io/blog/data-management-conversion-tools,Master Your Data: 5 Essential Tools for Data Management & Conversion on ThriveTools | Blog | ThriveTools | Your All-in-One Suite for Digital Productivity,https://thrivetools.io/blog/data-management-conversion-tools,text/html; charset=utf-8,68617,eb4e37ab3d8b080261e2e70f9ab1a3b5754c08863b309799d4935b4ed51e3b41,dcaeb1c5b0cf9478a18f07345289916094f7550f0df53d745bcacbd09abc126d,446,
thrivetravels.com,thrivetravels.com,https://thrivetravels.com/,,https://thrivetravels.com/,,,,0,e3b0c44298fc1c149afbf4c8996fb92427ae41e4649b934ca495991b7852b855,e3b0c44298fc1c149afbf4c8996fb92427ae41e4649b934ca495991b7852b855,10037,URLError:<urlopen error [Errno -3] Temporary failure in name resolution>
ct.virality.surface.proof-center,virality-music.crownthrive.chatgpt.site,https://virality-music.crownthrive.chatgpt.site/,200,https://virality-music.crownthrive.chatgpt.site/,Virality Music by CrownThrive | Music Built as Worlds,https://vm.crownthrive.com/,text/html; charset=utf-8,145458,b6ea94c6fc689557a18d8bf5756495454a5b74a5f3b13b80b2acea661269bbfa,874bc6f8ee2ec0db697f1340756389b9efb0e6b98c0f3d530c3c629874afbc2c,158,
ct.virality.surface.proof-center,virality-music.crownthrive.chatgpt.site,https://virality-music.crownthrive.chatgpt.site/about,200,https://virality-music.crownthrive.chatgpt.site/about,About Virality Music | Virality Music by CrownThrive,https://vm.crownthrive.com/about,text/html; charset=utf-8,110887,0db5dd949de847be820b78a4ca1c1e183849af98f41429ace2d299abfe08c09a,11df575a0ea7ee3dfac385c7be351de81b26dea5d414f8886c66828bd581e4bc,155,
ct.virality.surface.proof-center,virality-music.crownthrive.chatgpt.site,https://virality-music.crownthrive.chatgpt.site/accessibility,200,https://virality-music.crownthrive.chatgpt.site/accessibility,Accessibility Statement | Virality Music by CrownThrive,https://vm.crownthrive.com/accessibility,text/html; charset=utf-8,90215,ae4299b1a639ae3ef9877f3a0605df9977e14d272cf5f3f51b44bd4f3f92958d,41f3506350d13c119a16739a5b9776dc6b83caf106145f03f9fa4b34967f2a48,134,
ct.virality.surface.proof-center,virality-music.crownthrive.chatgpt.site,https://virality-music.crownthrive.chatgpt.site/account,403,https://auth.openai.com/oauth/authorize?response_type=code&client_id=oaiapp_KpeT7Hl0b8QO3CrPaj8AkhXb&redirect_uri=https%3A%2F%2Fvirality-music.crownthrive.chatgpt.site%2Fcallback&scope=openid+profile+email&state=C0vgenYKi-41BhiIk1N7QBCV5CJPrfqt9rzsUrZGfmE&nonce=iojQM6Oi7CdN6A42VE-3OZIapPFD-VDQiosYsGnu0qo&code_challenge=kL5zbb15YxV4Yz64zmYqLtaUvJpFkIqyGwYZRJ8cAb0&code_challenge_method=S256,Just a moment...,,text/html; charset=utf-8,7288,7007bfcf8bb1a1c153916bb7197acc0f6c7ed1c6075e09bc79d8095f5950b865,64f3251adba3d80cd2fde4507ce12920651480b569f90c10cebb3a7e255191bc,287,HTTPError:403
ct.virality.surface.proof-center,virality-music.crownthrive.chatgpt.site,https://virality-music.crownthrive.chatgpt.site/advertisers,200,https://virality-music.crownthrive.chatgpt.site/advertisers,For Advertisers | Virality Music by CrownThrive,https://vm.crownthrive.com/advertisers,text/html; charset=utf-8,104968,8a392db11d19cf4c8e3e10c1a7424546e39c74f7adbb238cd34692b514f9258d,169100c2e90aa61efed62d078a9b070b5cd477ca949666d326a32135651108d6,140,
ct.virality.surface.proof-center,virality-music.crownthrive.chatgpt.site,https://virality-music.crownthrive.chatgpt.site/ai,200,https://virality-music.crownthrive.chatgpt.site/ai,AI Information | Virality Music by CrownThrive,https://vm.crownthrive.com/ai,text/html; charset=utf-8,122465,32ecb2c6988a6cfa76e2f95e9c75959bf8abf34c8c10c0df445ef76d08e75218,12adbe43208964b996a34679846b123b19db7234ed52e8702bbf20890eace849,186,
ct.virality.surface.proof-center,virality-music.crownthrive.chatgpt.site,https://virality-music.crownthrive.chatgpt.site/amapiano-framework,200,https://virality-music.crownthrive.chatgpt.site/amapiano-framework,Amapiano | Official flagship corridor | Virality Music by CrownThrive,https://vm.crownthrive.com/amapiano-framework,text/html; charset=utf-8,112470,d6da9f4f08e67eceef2dbb5a4ee04bee90ee0210d646aebb2826b9b80b1824a7,7a46ad3acc18e2e58cdc8efdda043f8043e961b22ae45eb948a9c83b846e4e0d,163,
ct.virality.surface.proof-center,virality-music.crownthrive.chatgpt.site,https://virality-music.crownthrive.chatgpt.site/books,200,https://virality-music.crownthrive.chatgpt.site/books,Virality Music Books & Publishing | 206 Governed Editions | Virality Music by CrownThrive,https://vm.crownthrive.com/books,text/html; charset=utf-8,189657,f530f25d70691f5be1caa11edf42941d8c82854c326b84674b2f303d79901a12,d28bec33f0e4d6f118e7b545b154f6ce9a95519e5a1ae5a0c7792c88d56f54b7,158,
domain:vm.crownthrive.com,vm.crownthrive.com,https://vm.crownthrive.com/,200,https://vm.crownthrive.com/,Virality Music by CrownThrive | Music Built as Worlds,https://vm.crownthrive.com/,text/html; charset=utf-8,145458,a0e0a577f07e1bec171629b71051211c17cb945255bbf7cfe1804b06b87ba684,05231f09df4f03550d8639598e64dd7f60a92703742b16cad7e0e61a792bd02b,294,
domain:vm.crownthrive.com,vm.crownthrive.com,https://vm.crownthrive.com,200,https://vm.crownthrive.com,Virality Music by CrownThrive | Music Built as Worlds,https://vm.crownthrive.com/,text/html; charset=utf-8,145458,262375bfbd618241ba0b40619e9724211f57bed26e253a56888d81c417648758,a1bf4d627848c8d62e20437f8e8d6baa086fa996b87459de7acfe9ec9817f26e,433,
domain:vm.crownthrive.com,vm.crownthrive.com,https://vm.crownthrive.com/books,200,https://vm.crownthrive.com/books,Virality Music Books & Publishing | 206 Governed Editions | Virality Music by CrownThrive,https://vm.crownthrive.com/books,text/html; charset=utf-8,189657,83a3f8eb9dc8dd96cb1a063c9efa8752d7bf95aa614fc34fd6df8d75cf168ea8,dab3b3143458099e74969b548e854f37ab53416df7dcaca092bf0e34c1e21178,257,
domain:vm.crownthrive.com,vm.crownthrive.com,https://vm.crownthrive.com/worlds/black-baby-universe,200,https://vm.crownthrive.com/worlds/black-baby-universe,"Black Baby Universe™ — Books, Lullabies & Little Crowns | Virality Music by CrownThrive",https://vm.crownthrive.com/worlds/black-baby-universe,text/html; charset=utf-8,145208,c4ccac8112dcd0089114d762fd7ad7989dea6b47e83f4a0ac0f5b1e4f32e622e,f55e10713f644b0d4f9a84367aaa9da0fda17b9575db323eefba54f899351e4e,219,
domain:vm.crownthrive.com,vm.crownthrive.com,https://vm.crownthrive.com/worlds/black-baby-universe/the-moon-knows-our-names,200,https://vm.crownthrive.com/worlds/black-baby-universe/the-moon-knows-our-names,The Moon Knows Our Names™ — A Little Crowns Lullaby Universe | Virality Music by CrownThrive,https://vm.crownthrive.com/worlds/black-baby-universe/the-moon-knows-our-names,text/html; charset=utf-8,122314,0240e69507956adfed6da53084dee7a93a3c8642451b682abce7a681410525e5,7c39d8120368a0c81eaceb2e64b7f39eb326efb8e09ddb6b90903c3daf9d8e46,337,
domain:vm.crownthrive.com,vm.crownthrive.com,https://vm.crownthrive.com/read/children,200,https://vm.crownthrive.com/read/children,Children’s Books — Black Baby Universe™ | Virality Music by CrownThrive,https://vm.crownthrive.com/read/children,text/html; charset=utf-8,111582,f1d8c6673afd2849dce206c4185706bca5149b720f0b6eb7cf3debe375900582,0ef8a1daa2883ab25ef4cf3391cbcea0439796ebf33610f8620c6d3176ff8699,1692,
domain:vm.crownthrive.com,vm.crownthrive.com,https://vm.crownthrive.com/listen/black-baby-universe,200,https://vm.crownthrive.com/listen/black-baby-universe,Black Baby Universe Lullabies — Production Slate | Virality Music by CrownThrive,https://vm.crownthrive.com/listen/black-baby-universe,text/html; charset=utf-8,88644,d1e0b226cfac2826f9635689972852a63175fbd738b86643b6ae8a7caac54fde,66e26c281c15846ff85cd712ab7bc9d6683ca1f6fffe1796ee7d51eaafc60853,304,
domain:vm.crownthrive.com,vm.crownthrive.com,https://vm.crownthrive.com/watch/read-alongs,200,https://vm.crownthrive.com/watch/read-alongs,Black Baby Universe Read-Along Theater | Virality Music by CrownThrive,https://vm.crownthrive.com/watch/read-alongs,text/html; charset=utf-8,87613,74df0d320f81685970b9c4a0c75e1dafbce510d8d296c8b422807c68ec123596,18952389fa6a1a004318f2af5c309db29e74ed799f10b7cd9c45e4c52d3869d3,115,
site:crownthrive.com:faq,www.crownthrive.com,https://www.crownthrive.com/,200,https://www.crownthrive.com/,CrownThrive | One Seat. Multiple Industries. - Welcome Back!,https://www.crownthrive.com,text/html; charset=utf-8,671156,dacd2b2ae5570d9fc5d372f909b6d8aab42327d1edd7966bf9dba54f396c9aa2,cc70a339268527c1761f653294b29f0db63a28585c9bace0966ddd92091efe4f,1418,
site:crownthrive.com:faq,www.crownthrive.com,https://crownthrive.com,200,https://crownthrive.com,CrownThrive | One Seat. Multiple Industries. - Welcome Back!,https://crownthrive.com,text/html; charset=utf-8,669700,a7a575aec626ee0d67742f4da99ddc463b2fd784a81ac7447156a8e954320920,cc70a339268527c1761f653294b29f0db63a28585c9bace0966ddd92091efe4f,1491,
site:crownthrive.com:faq,www.crownthrive.com,https://www.crownthrive.com,200,https://www.crownthrive.com,CrownThrive | One Seat. Multiple Industries. - Welcome Back!,https://www.crownthrive.com,text/html; charset=utf-8,671156,87aaccdf16e3c5030ec7781a6920f0755f6b83522512194bd281cf209995e11c,cc70a339268527c1761f653294b29f0db63a28585c9bace0966ddd92091efe4f,1793,
site:crownthrive.com:faq,www.crownthrive.com,https://www.crownthrive.com/about-us,200,https://www.crownthrive.com/about-us,CrownThrive | One Seat. Multiple Industries. - About Us,https://www.crownthrive.com/about-us,text/html; charset=utf-8,80398,9f8c4cd717bf909bd773825a428ab46718e5fb619a3df91714adeea2c3ed3eec,33eadb3ddea25c87585bb59995a8c7bc297519f0b48a62e8ce7a6dbd04987a24,778,
site:crownthrive.com:faq,www.crownthrive.com,https://www.crownthrive.com/blog-details/CHLOM-Explained-Rights-Licensing-Authority-and-Controlled-Automation,200,https://www.crownthrive.com/blog-details/CHLOM-Explained-Rights-Licensing-Authority-and-Controlled-Automation,CrownThrive | One Seat. Multiple Industries. - Blog Details,https://www.crownthrive.com/blog-details/CHLOM-Explained-Rights-Licensing-Authority-and-Controlled-Automation,text/html; charset=utf-8,48361,fcc0d825804d3af496f3473a7a106f3168ea1fb12e28ec86f3d7d54dc4fc0343,2123c9d68499cc51ba3cb145e56c9618f06d34f40239ed8bcba98aec7a9bd10f,797,
site:crownthrive.com:faq,www.crownthrive.com,https://www.crownthrive.com/blog-details/From-Asset-to-Deal-Ready-Product-How-CrownThrive-Packages-Digital-IP,200,https://www.crownthrive.com/blog-details/From-Asset-to-Deal-Ready-Product-How-CrownThrive-Packages-Digital-IP,CrownThrive | One Seat. Multiple Industries. - Blog Details,https://www.crownthrive.com/blog-details/From-Asset-to-Deal-Ready-Product-How-CrownThrive-Packages-Digital-IP,text/html; charset=utf-8,45834,9792d9a7f245a974fe51e13140bdb4e6bea84bfeb651902fd346d11af19baac7,df4373cfba9fc44b6a66641deaa212be9e590dbb3a2fc6ed41bbee8545bf2f6a,996,
site:crownthrive.com:faq,www.crownthrive.com,https://www.crownthrive.com/blog-details/PentaAds-and-AdLuxe-Building-Distribution-Into-the-CrownThrive-Ecosystem,200,https://www.crownthrive.com/blog-details/PentaAds-and-AdLuxe-Building-Distribution-Into-the-CrownThrive-Ecosystem,CrownThrive | One Seat. Multiple Industries. - Blog Details,https://www.crownthrive.com/blog-details/PentaAds-and-AdLuxe-Building-Distribution-Into-the-CrownThrive-Ecosystem,text/html; charset=utf-8,48423,83f5ddf26e56aaaa2a091d0dae65c2696e1f7145b0f4780e9441e2f414308878,b88b7159c31ef7c25ef4d8b54e1ee3f0a5058a97e76b09b1b06212b42aa3a989,737,
site:crownthrive.com:faq,www.crownthrive.com,https://www.crownthrive.com/blog-details/Why-CrownThrive-Builds-Corridors-Not-Standalone-Apps,200,https://www.crownthrive.com/blog-details/Why-CrownThrive-Builds-Corridors-Not-Standalone-Apps,CrownThrive | One Seat. Multiple Industries. - Blog Details,https://www.crownthrive.com/blog-details/Why-CrownThrive-Builds-Corridors-Not-Standalone-Apps,text/html; charset=utf-8,46623,53f18ab4e7a60748a91d0cc7a40db6e9ad9306300cc7101ac7702b0f542addc3,537fd71d5595718ba8c34de861bc2810d9210f2245e857232611178cda4297bf,801,
